ID;ID_CATASTRO;FECHA;ID_OPERDADOR;NOTAS
893328;90;2018-03-28 12:58:39.420;C.GARCIA;LLAMADA AUTOMATICA: 28/03/2018 12:58:39
893345;90;2018-03-28 13:00:22.890;C.GARCIA;NO VENDE
1067493;90;2018-09-08 13:13:02.677;R.JIMENEZ;LLAMADA AUTOMATICA: 08/09/2018 13:13:02
1067494;90;2018-09-08 13:13:08.070;R.JIMENEZ;LLAMADA AUTOMATICA: 08/09/2018 13:13:08
1074841;90;2018-09-25 13:12:39.900;R.JIMENEZ;LLAMADA AUTOMATICA: 25/09/2018 13:12:39
1074842;90;2018-09-25 13:13:53.140;R.JIMENEZ;LLAMADA AUTOMATICA: 25/09/2018 13:13:53
1082149;90;2018-10-05 19:25:29.923;M.CLARAMUNT;LLAMADA AUTOMATICA: 05/10/2018 19:25:29
1082152;90;2018-10-05 19:28:13.570;M.CLARAMUNT;LLAMADA AUTOMATICA: 05/10/2018 19:28:13
1082154;90;2018-10-05 19:29:28.000;M.CLARAMUNT;937857296 ES DE TARRASSA
1094675;90;2018-10-25 19:57:34.163;M.CLARAMUNT;LLAMADA AUTOMATICA: 25/10/2018 19:57:34
1094676;90;2018-10-25 19:58:13.413;M.CLARAMUNT;LLAMADA AUTOMATICA: 25/10/2018 19:58:13
1105181;90;2018-11-12 12:42:04.850;R.JIMENEZ;LLAMADA AUTOMATICA: 12/11/2018 12:42:04
1112747;90;2018-11-20 16:41:36.783;M.CLARAMUNT;LLAMADA AUTOMATICA: 20/11/2018 16:41:36
1112748;90;2018-11-20 16:41:47.703;M.CLARAMUNT;LLAMADA AUTOMATICA: 20/11/2018 16:41:47
736406;92;2017-06-07 10:34:32.730;I.IGUAL;LLAMADA AUTOMATICA: 07/06/2017 10:34:32
738841;92;2017-06-09 09:49:11.187;R.JIMENEZ;LLAMADA AUTOMATICA: 09/06/2017 9:49:11
738842;92;2017-06-09 09:49:51.983;R.JIMENEZ;NO VENDE
815574;92;2017-11-30 11:43:30.990;R.JIMENEZ;LLAMADA AUTOMATICA: 30/11/2017 11:43:30
820865;92;2018-01-04 12:18:30.100;R.JIMENEZ;LLAMADA AUTOMATICA: 04/01/2018 12:18:30
824357;92;2018-01-11 18:51:21.110;R.JIMENEZ;LLAMADA AUTOMATICA: 11/01/2018 18:51:21
824358;92;2018-01-11 18:51:49.407;R.JIMENEZ;NO VENDE
1054756;92;2018-07-30 10:19:33.187;R.JIMENEZ;LLAMADA AUTOMATICA: 30/07/2018 10:19:33
1057941;92;2018-08-03 09:32:26.677;R.JIMENEZ;LLAMADA AUTOMATICA: 03/08/2018 9:32:26
1057942;92;2018-08-03 09:32:35.030;R.JIMENEZ;LLAMADA AUTOMATICA: 03/08/2018 9:32:35
1061064;92;2018-08-28 16:44:48.810;M.CLARAMUNT;LLAMADA AUTOMATICA: 28/08/2018 16:44:48
1064190;92;2018-09-01 14:03:42.230;M.CLARAMUNT;LLAMADA AUTOMATICA: 01/09/2018 14:03:42
1064191;92;2018-09-01 14:05:47.267;M.CLARAMUNT;LLAMADA AUTOMATICA: 01/09/2018 14:05:47
1072617;92;2018-09-20 15:43:01.733;M.CLARAMUNT;LLAMADA AUTOMATICA: 20/09/2018 15:43:01
1072619;92;2018-09-20 15:43:55.620;M.CLARAMUNT;LLAMADA AUTOMATICA: 20/09/2018 15:43:55
1080036;92;2018-10-03 15:59:48.110;E.JIMENEZ;LLAMADA AUTOMATICA: 03/10/2018 15:59:48
1080037;92;2018-10-03 16:00:28.607;E.JIMENEZ;NO VENDE
933785;94;2018-04-17 11:44:00.300;I.LOPEZ;LLAMADA AUTOMATICA: 17/04/2018 11:44:00
933786;94;2018-04-17 11:44:26.220;I.LOPEZ;LLAMADA AUTOMATICA: 17/04/2018 11:44:26
933787;94;2018-04-17 11:45:25.990;I.LOPEZ;LLAMADA AUTOMATICA: 17/04/2018 11:45:25
938736;94;2018-04-19 12:38:38.800;I.LOPEZ;LLAMADA AUTOMATICA: 19/04/2018 12:38:38
938739;94;2018-04-19 12:38:53.940;I.LOPEZ;LLAMADA AUTOMATICA: 19/04/2018 12:38:53
938740;94;2018-04-19 12:39:05.590;I.LOPEZ;LLAMADA AUTOMATICA: 19/04/2018 12:39:05
942933;94;2018-04-21 10:46:41.407;A.PAZOS;LLAMADA AUTOMATICA: 21/04/2018 10:46:41
942934;94;2018-04-21 10:47:41.377;A.PAZOS;936768771 # 4 # 0 # PROPRELDGV
946741;94;2018-04-23 14:50:36.000;A.PAZOS;LLAMADA AUTOMATICA: 23/04/2018 14:50:36
946742;94;2018-04-23 14:50:51.050;A.PAZOS;LLAMADA AUTOMATICA: 23/04/2018 14:50:51
950456;94;2018-04-24 20:17:45.430;J.ACEVEDO;LLAMADA AUTOMATICA: 24/04/2018 20:17:45
950457;94;2018-04-24 20:17:57.990;J.ACEVEDO;LLAMADA AUTOMATICA: 24/04/2018 20:17:57
956243;94;2018-04-27 15:48:22.187;M.RUIZ;LLAMADA AUTOMATICA: 27/04/2018 15:48:22
956256;94;2018-04-27 15:50:18.307;M.RUIZ;NO VENDE
1053807;94;2018-07-27 16:28:55.020;E.JIMENEZ;LLAMADA AUTOMATICA: 27/07/2018 16:28:55
1053808;94;2018-07-27 16:29:03.803;E.JIMENEZ;LLAMADA AUTOMATICA: 27/07/2018 16:29:03
1053809;94;2018-07-27 16:29:46.460;E.JIMENEZ;628124209 # 12 # 0 # ELENCOPROPRIETARI
1053810;94;2018-07-27 16:29:49.340;E.JIMENEZ;628124209 # 12 # 2 # ELENCOPROPRIETARI
1053811;94;2018-07-27 16:29:52.870;E.JIMENEZ;LLAMADA AUTOMATICA: 27/07/2018 16:29:52
1056453;94;2018-08-01 13:23:21.243;R.JIMENEZ;LLAMADA AUTOMATICA: 01/08/2018 13:23:21
1059588;94;2018-08-27 11:34:37.857;R.JIMENEZ;LLAMADA AUTOMATICA: 27/08/2018 11:34:37
1068949;94;2018-09-14 13:51:54.163;R.JIMENEZ;LLAMADA AUTOMATICA: 14/09/2018 13:51:54
1068950;94;2018-09-14 13:52:01.673;R.JIMENEZ;LLAMADA AUTOMATICA: 14/09/2018 13:52:01
1068951;94;2018-09-14 13:52:19.233;R.JIMENEZ;LLAMADA AUTOMATICA: 14/09/2018 13:52:19
1068952;94;2018-09-14 13:52:37.180;R.JIMENEZ;LLAMADA AUTOMATICA: 14/09/2018 13:52:37
1068953;94;2018-09-14 13:52:42.643;R.JIMENEZ;LLAMADA AUTOMATICA: 14/09/2018 13:52:42
1085352;94;2018-10-10 17:15:19.240;M.CLARAMUNT;LLAMADA AUTOMATICA: 10/10/2018 17:15:19
1085356;94;2018-10-10 17:16:43.360;M.CLARAMUNT;932261814 # 11 # 1 # ELENCOPROPRIETARI
1108067;94;2018-11-14 16:10:05.453;M.CLARAMUNT;LLAMADA AUTOMATICA: 14/11/2018 16:10:05
1108068;94;2018-11-14 16:10:46.663;M.CLARAMUNT;LLAMADA AUTOMATICA: 14/11/2018 16:10:46
1115162;94;2018-11-23 10:22:16.750;E.JIMENEZ;LLAMADA AUTOMATICA: 23/11/2018 10:22:16
1115164;94;2018-11-23 10:23:02.170;E.JIMENEZ;LLAMADA AUTOMATICA: 23/11/2018 10:23:02
1115167;94;2018-11-23 10:23:51.697;E.JIMENEZ;LLAMADA AUTOMATICA: 23/11/2018 10:23:51
1115169;94;2018-11-23 10:24:40.527;E.JIMENEZ;LLAMADA AUTOMATICA: 23/11/2018 10:24:40
1115173;94;2018-11-23 10:25:34.560;E.JIMENEZ;LLAMADA AUTOMATICA: 23/11/2018 10:25:34
1115174;94;2018-11-23 10:25:44.947;E.JIMENEZ;LLAMADA AUTOMATICA: 23/11/2018 10:25:44
1115180;94;2018-11-23 10:29:43.000;E.JIMENEZ;628124209 NADA Q VER, ME COMENTA Q TIENE UN FINCA RUSTICA EN AYORA, VALENCIA.
1115181;94;2018-11-23 10:30:51.870;E.JIMENEZ;LLAMADA AUTOMATICA: 23/11/2018 10:30:51
544169;132;2017-02-06 09:38:22.800;M.SEVILLANOS;LLAMADA AUTOMATICA: 06/02/2017 9:38:22
546998;132;2017-02-06 13:59:02.953;I.IGUAL;LLAMADA AUTOMATICA: 06/02/2017 13:59:02
549470;132;2017-02-06 17:58:00.187;F.ARINO;LLAMADA AUTOMATICA: 06/02/2017 17:58:00
551991;132;2017-02-07 10:50:34.037;L.GOMEZ;LLAMADA AUTOMATICA: 07/02/2017 10:50:34
551997;132;2017-02-07 10:51:34.477;L.GOMEZ;LLAMADA AUTOMATICA: 07/02/2017 10:51:34
554599;132;2017-02-07 16:11:23.360;R.JIMENEZ;LLAMADA AUTOMATICA: 07/02/2017 16:11:23
557121;132;2017-02-08 10:20:25.133;M.SEVILLANOS;LLAMADA AUTOMATICA: 08/02/2017 10:20:25
559569;132;2017-02-08 15:13:39.390;N.CERVERA;LLAMADA AUTOMATICA: 08/02/2017 15:13:39
562064;132;2017-02-09 10:27:39.493;M.SEVILLANOS;LLAMADA AUTOMATICA: 09/02/2017 10:27:39
563959;132;2017-02-09 13:31:22.853;I.IGUAL;LLAMADA AUTOMATICA: 09/02/2017 13:31:22
565538;132;2017-02-09 17:34:33.893;L.QUESADA;LLAMADA AUTOMATICA: 09/02/2017 17:34:33
566975;132;2017-02-10 09:43:31.297;M.CLARAMUNT;LLAMADA AUTOMATICA: 10/02/2017 9:43:31
568154;132;2017-02-10 11:57:56.600;F.ARINO;LLAMADA AUTOMATICA: 10/02/2017 11:57:56
569438;132;2017-02-13 11:12:56.773;F.ARINO;LLAMADA AUTOMATICA: 13/02/2017 11:12:56
570017;132;2017-02-13 12:25:57.447;M.CLARAMUNT;LLAMADA AUTOMATICA: 13/02/2017 12:25:57
571140;132;2017-02-13 15:16:22.487;M.SEVILLANOS;LLAMADA AUTOMATICA: 13/02/2017 15:16:22
571141;132;2017-02-13 15:16:23.350;L.GOMEZ;LLAMADA AUTOMATICA: 13/02/2017 15:16:23
571143;132;2017-02-13 15:16:33.810;L.GOMEZ;LLAMADA AUTOMATICA: 13/02/2017 15:16:33
572534;132;2017-02-13 17:22:28.357;F.ARINO;LLAMADA AUTOMATICA: 13/02/2017 17:22:28
573616;132;2017-02-14 09:05:30.687;N.CERVERA;LLAMADA AUTOMATICA: 14/02/2017 9:05:30
574898;132;2017-02-14 11:09:19.353;R.JIMENEZ;LLAMADA AUTOMATICA: 14/02/2017 11:09:19
575941;132;2017-02-14 12:33:31.553;M.CLARAMUNT;LLAMADA AUTOMATICA: 14/02/2017 12:33:31
577002;132;2017-02-14 15:07:42.563;M.SEVILLANOS;LLAMADA AUTOMATICA: 14/02/2017 15:07:42
577012;132;2017-02-14 15:08:47.957;M.SEVILLANOS;LLAMADA AUTOMATICA: 14/02/2017 15:08:47
578094;132;2017-02-14 17:25:17.203;I.IGUAL;LLAMADA AUTOMATICA: 14/02/2017 17:25:17
579208;132;2017-02-15 09:36:42.623;M.SEVILLANOS;LLAMADA AUTOMATICA: 15/02/2017 9:36:42
580242;132;2017-02-15 11:16:11.510;MO.GOMEZ;LLAMADA AUTOMATICA: 15/02/2017 11:16:11
581175;132;2017-02-15 12:49:17.410;R.JIMENEZ;LLAMADA AUTOMATICA: 15/02/2017 12:49:17
582016;132;2017-02-15 15:12:16.737;M.CLARAMUNT;LLAMADA AUTOMATICA: 15/02/2017 15:12:16
582901;132;2017-02-15 16:25:18.500;I.IGUAL;LLAMADA AUTOMATICA: 15/02/2017 16:25:18
583762;132;2017-02-15 17:55:33.017;L.GOMEZ;LLAMADA AUTOMATICA: 15/02/2017 17:55:33
584582;132;2017-02-16 09:11:08.487;R.JIMENEZ;LLAMADA AUTOMATICA: 16/02/2017 9:11:08
585441;132;2017-02-16 10:17:53.243;MO.GOMEZ;LLAMADA AUTOMATICA: 16/02/2017 10:17:53
586216;132;2017-02-16 11:30:30.750;L.QUESADA;LLAMADA AUTOMATICA: 16/02/2017 11:30:30
587011;132;2017-02-16 12:35:12.667;L.GOMEZ;LLAMADA AUTOMATICA: 16/02/2017 12:35:12
587647;132;2017-02-16 14:03:12.883;I.IGUAL;LLAMADA AUTOMATICA: 16/02/2017 14:03:12
588481;132;2017-02-16 15:35:53.270;M.BASSOLAS;LLAMADA AUTOMATICA: 16/02/2017 15:35:53
589206;132;2017-02-16 16:37:12.820;R.JIMENEZ;LLAMADA AUTOMATICA: 16/02/2017 16:37:12
591651;132;2017-02-17 11:25:57.450;R.JIMENEZ;LLAMADA AUTOMATICA: 17/02/2017 11:25:57
593138;132;2017-02-20 10:44:44.000;R.JIMENEZ;LLAMADA AUTOMATICA: 20/02/2017 10:44:44
594250;132;2017-02-20 12:31:55.773;I.IGUAL;LLAMADA AUTOMATICA: 20/02/2017 12:31:55
595133;132;2017-02-20 14:41:05.047;N.CERVERA;LLAMADA AUTOMATICA: 20/02/2017 14:41:05
596001;132;2017-02-20 15:57:26.747;I.IGUAL;LLAMADA AUTOMATICA: 20/02/2017 15:57:26
596770;132;2017-02-20 17:18:24.027;MO.GOMEZ;LLAMADA AUTOMATICA: 20/02/2017 17:18:24
597492;132;2017-02-20 18:30:50.490;M.CLARAMUNT;LLAMADA AUTOMATICA: 20/02/2017 18:30:50
598208;132;2017-02-21 09:37:26.243;L.GOMEZ;LLAMADA AUTOMATICA: 21/02/2017 9:37:26
598969;132;2017-02-21 11:00:17.493;L.QUESADA;LLAMADA AUTOMATICA: 21/02/2017 11:00:17
599653;132;2017-02-21 12:03:33.120;S.VILLAR;LLAMADA AUTOMATICA: 21/02/2017 12:03:33
600345;132;2017-02-21 13:09:17.870;I.IGUAL;LLAMADA AUTOMATICA: 21/02/2017 13:09:17
601042;132;2017-02-21 14:51:45.150;N.CERVERA;LLAMADA AUTOMATICA: 21/02/2017 14:51:45
601746;132;2017-02-21 15:56:59.337;C.JIMENEZ;LLAMADA AUTOMATICA: 21/02/2017 15:56:59
601760;132;2017-02-21 15:58:46.207;C.JIMENEZ;LLAMADA AUTOMATICA: 21/02/2017 15:58:46
602420;132;2017-02-21 17:20:30.650;S.VILLAR;LLAMADA AUTOMATICA: 21/02/2017 17:20:30
603105;132;2017-02-21 18:30:11.560;I.IGUAL;LLAMADA AUTOMATICA: 21/02/2017 18:30:11
603767;132;2017-02-22 09:34:02.150;M.CLARAMUNT;LLAMADA AUTOMATICA: 22/02/2017 9:34:02
605515;132;2017-02-22 12:17:47.063;C.JIMENEZ;LLAMADA AUTOMATICA: 22/02/2017 12:17:47
606648;132;2017-02-22 14:39:13.490;N.CERVERA;LLAMADA AUTOMATICA: 22/02/2017 14:39:13
607550;132;2017-02-22 16:12:10.790;L.GOMEZ;LLAMADA AUTOMATICA: 22/02/2017 16:12:10
608222;132;2017-02-22 17:33:18.723;M.CLARAMUNT;LLAMADA AUTOMATICA: 22/02/2017 17:33:18
608823;132;2017-02-22 18:51:21.000;L.GOMEZ;LLAMADA AUTOMATICA: 22/02/2017 18:51:20
609486;132;2017-02-23 09:43:46.773;MO.GOMEZ;LLAMADA AUTOMATICA: 23/02/2017 9:43:46
610187;132;2017-02-23 10:42:16.593;M.SEVILLANOS;LLAMADA AUTOMATICA: 23/02/2017 10:42:16
610854;132;2017-02-23 11:46:18.200;S.VILLAR;LLAMADA AUTOMATICA: 23/02/2017 11:46:18
611557;132;2017-02-23 12:36:26.557;L.QUESADA;LLAMADA AUTOMATICA: 23/02/2017 12:36:26
612184;132;2017-02-23 13:54:22.617;L.QUESADA;LLAMADA AUTOMATICA: 23/02/2017 13:54:22
612835;132;2017-02-23 15:24:42.080;N.CERVERA;LLAMADA AUTOMATICA: 23/02/2017 15:24:42
613485;132;2017-02-23 16:18:25.267;MO.GOMEZ;LLAMADA AUTOMATICA: 23/02/2017 16:18:25
614106;132;2017-02-23 17:49:23.437;N.CERVERA;LLAMADA AUTOMATICA: 23/02/2017 17:49:23
614658;132;2017-02-24 09:06:34.730;C.JIMENEZ;LLAMADA AUTOMATICA: 24/02/2017 9:06:34
615978;132;2017-02-24 11:09:14.003;L.QUESADA;LLAMADA AUTOMATICA: 24/02/2017 11:09:14
616954;132;2017-02-27 09:29:06.267;M.BASSOLAS;LLAMADA AUTOMATICA: 27/02/2017 9:29:06
617632;132;2017-02-27 10:18:53.527;L.QUESADA;LLAMADA AUTOMATICA: 27/02/2017 10:18:53
618303;132;2017-02-27 11:31:40.547;M.SEVILLANOS;LLAMADA AUTOMATICA: 27/02/2017 11:31:40
618949;132;2017-02-27 12:21:59.953;MO.GOMEZ;LLAMADA AUTOMATICA: 27/02/2017 12:21:59
619636;132;2017-02-27 13:16:27.817;F.ARINO;LLAMADA AUTOMATICA: 27/02/2017 13:16:27
620239;132;2017-02-27 15:03:22.467;S.VILLAR;LLAMADA AUTOMATICA: 27/02/2017 15:03:22
621459;132;2017-02-27 17:32:51.757;I.IGUAL;LLAMADA AUTOMATICA: 27/02/2017 17:32:51
622032;132;2017-02-27 18:29:18.763;C.JIMENEZ;LLAMADA AUTOMATICA: 27/02/2017 18:29:18
622639;132;2017-02-28 09:28:46.413;C.JIMENEZ;LLAMADA AUTOMATICA: 28/02/2017 9:28:46
623266;132;2017-02-28 10:16:53.307;M.SEVILLANOS;LLAMADA AUTOMATICA: 28/02/2017 10:16:53
623928;132;2017-02-28 11:22:08.780;R.JIMENEZ;LLAMADA AUTOMATICA: 28/02/2017 11:22:08
624602;132;2017-02-28 12:18:31.673;S.VILLAR;LLAMADA AUTOMATICA: 28/02/2017 12:18:31
625198;132;2017-02-28 13:24:54.463;F.ARINO;LLAMADA AUTOMATICA: 28/02/2017 13:24:54
625808;132;2017-02-28 15:09:52.100;M.CLARAMUNT;LLAMADA AUTOMATICA: 28/02/2017 15:09:52
626452;132;2017-02-28 16:05:40.527;C.JIMENEZ;LLAMADA AUTOMATICA: 28/02/2017 16:05:40
627051;132;2017-02-28 17:42:05.747;I.IGUAL;LLAMADA AUTOMATICA: 28/02/2017 17:42:05
627654;132;2017-02-28 18:27:11.217;L.GOMEZ;LLAMADA AUTOMATICA: 28/02/2017 18:27:11
628209;132;2017-03-01 09:13:23.257;L.QUESADA;LLAMADA AUTOMATICA: 01/03/2017 9:13:23
628820;132;2017-03-01 09:59:48.983;S.VILLAR;LLAMADA AUTOMATICA: 01/03/2017 9:59:48
629450;132;2017-03-01 11:24:08.950;S.VILLAR;LLAMADA AUTOMATICA: 01/03/2017 11:24:08
630007;132;2017-03-01 12:27:55.473;MO.GOMEZ;LLAMADA AUTOMATICA: 01/03/2017 12:27:55
630509;132;2017-03-01 13:49:42.547;N.CERVERA;LLAMADA AUTOMATICA: 01/03/2017 13:49:42
631083;132;2017-03-01 15:47:44.697;N.CERVERA;LLAMADA AUTOMATICA: 01/03/2017 15:47:44
631725;132;2017-03-01 17:39:03.423;R.JIMENEZ;LLAMADA AUTOMATICA: 01/03/2017 17:39:03
632361;132;2017-03-02 09:45:49.193;M.CLARAMUNT;LLAMADA AUTOMATICA: 02/03/2017 9:45:49
633105;132;2017-03-02 11:30:49.567;L.GOMEZ;LLAMADA AUTOMATICA: 02/03/2017 11:30:49
633771;132;2017-03-02 12:50:18.470;L.GOMEZ;LLAMADA AUTOMATICA: 02/03/2017 12:50:18
634445;132;2017-03-02 17:02:29.773;R.JIMENEZ;LLAMADA AUTOMATICA: 02/03/2017 17:02:29
635079;132;2017-03-02 18:50:58.070;S.VILLAR;LLAMADA AUTOMATICA: 02/03/2017 18:50:58
635675;132;2017-03-03 10:23:48.977;F.ARINO;LLAMADA AUTOMATICA: 03/03/2017 10:23:48
636252;132;2017-03-03 11:46:25.243;L.QUESADA;LLAMADA AUTOMATICA: 03/03/2017 11:46:25
636972;132;2017-03-06 10:01:29.797;N.CERVERA;LLAMADA AUTOMATICA: 06/03/2017 10:01:29
637656;132;2017-03-06 11:39:44.570;S.VILLAR;LLAMADA AUTOMATICA: 06/03/2017 11:39:44
638193;132;2017-03-06 13:10:15.997;L.QUESADA;LLAMADA AUTOMATICA: 06/03/2017 13:10:15
638703;132;2017-03-06 15:39:45.563;R.JIMENEZ;LLAMADA AUTOMATICA: 06/03/2017 15:39:45
639249;132;2017-03-06 17:21:25.893;I.IGUAL;LLAMADA AUTOMATICA: 06/03/2017 17:21:25
639797;132;2017-03-07 09:14:26.513;M.CLARAMUNT;LLAMADA AUTOMATICA: 07/03/2017 9:14:26
640158;132;2017-03-07 09:51:50.053;I.IGUAL;LLAMADA AUTOMATICA: 07/03/2017 9:51:50
641005;132;2017-03-07 12:19:29.427;R.JIMENEZ;LLAMADA AUTOMATICA: 07/03/2017 12:19:29
641006;132;2017-03-07 12:19:30.040;L.QUESADA;LLAMADA AUTOMATICA: 07/03/2017 12:19:30
642039;132;2017-03-07 15:35:31.983;R.JIMENEZ;LLAMADA AUTOMATICA: 07/03/2017 15:35:31
643031;132;2017-03-08 09:04:17.597;L.QUESADA;LLAMADA AUTOMATICA: 08/03/2017 9:04:17
643836;132;2017-03-08 10:41:34.277;L.QUESADA;LLAMADA AUTOMATICA: 08/03/2017 10:41:34
644487;132;2017-03-08 12:25:44.473;R.JIMENEZ;LLAMADA AUTOMATICA: 08/03/2017 12:25:44
645170;132;2017-03-08 15:24:48.473;L.QUESADA;LLAMADA AUTOMATICA: 08/03/2017 15:24:48
645874;132;2017-03-08 17:15:10.280;N.CERVERA;LLAMADA AUTOMATICA: 08/03/2017 17:15:10
646549;132;2017-03-08 18:44:05.457;I.IGUAL;LLAMADA AUTOMATICA: 08/03/2017 18:44:05
647236;132;2017-03-09 10:05:55.120;R.JIMENEZ;LLAMADA AUTOMATICA: 09/03/2017 10:05:55
647879;132;2017-03-09 11:36:54.363;R.JIMENEZ;LLAMADA AUTOMATICA: 09/03/2017 11:36:54
648534;132;2017-03-09 12:50:49.607;F.ARINO;LLAMADA AUTOMATICA: 09/03/2017 12:50:49
649178;132;2017-03-09 15:27:43.757;F.ARINO;LLAMADA AUTOMATICA: 09/03/2017 15:27:43
649729;132;2017-03-09 18:25:23.810;I.IGUAL;LLAMADA AUTOMATICA: 09/03/2017 18:25:23
650285;132;2017-03-10 10:36:07.933;L.QUESADA;LLAMADA AUTOMATICA: 10/03/2017 10:36:07
650818;132;2017-03-10 12:43:58.943;L.QUESADA;LLAMADA AUTOMATICA: 10/03/2017 12:43:58
651684;132;2017-03-13 11:38:10.440;R.JIMENEZ;LLAMADA AUTOMATICA: 13/03/2017 11:38:10
652391;132;2017-03-13 13:16:41.067;F.ARINO;LLAMADA AUTOMATICA: 13/03/2017 13:16:41
653036;132;2017-03-13 15:32:27.527;N.CERVERA;LLAMADA AUTOMATICA: 13/03/2017 15:32:27
653568;132;2017-03-13 17:08:49.860;R.JIMENEZ;LLAMADA AUTOMATICA: 13/03/2017 17:08:49
654163;132;2017-03-13 18:28:44.697;M.CLARAMUNT;LLAMADA AUTOMATICA: 13/03/2017 18:28:44
654799;132;2017-03-14 10:04:04.860;N.CERVERA;LLAMADA AUTOMATICA: 14/03/2017 10:04:04
655485;132;2017-03-14 11:51:22.133;L.GOMEZ;LLAMADA AUTOMATICA: 14/03/2017 11:51:22
656142;132;2017-03-14 13:38:01.070;N.CERVERA;LLAMADA AUTOMATICA: 14/03/2017 13:38:01
656767;132;2017-03-14 15:50:31.120;R.JIMENEZ;LLAMADA AUTOMATICA: 14/03/2017 15:50:31
657349;132;2017-03-14 17:31:31.610;M.CLARAMUNT;LLAMADA AUTOMATICA: 14/03/2017 17:31:31
657872;132;2017-03-15 09:16:22.040;I.IGUAL;LLAMADA AUTOMATICA: 15/03/2017 9:16:22
658473;132;2017-03-15 10:27:44.337;F.ARINO;LLAMADA AUTOMATICA: 15/03/2017 10:27:44
659075;132;2017-03-15 12:13:04.923;N.CERVERA;LLAMADA AUTOMATICA: 15/03/2017 12:13:04
659633;132;2017-03-15 14:40:02.067;L.QUESADA;LLAMADA AUTOMATICA: 15/03/2017 14:40:02
660169;132;2017-03-15 16:38:47.190;N.CERVERA;LLAMADA AUTOMATICA: 15/03/2017 16:38:47
660711;132;2017-03-15 18:27:38.937;C.JIMENEZ;LLAMADA AUTOMATICA: 15/03/2017 18:27:38
661264;132;2017-03-16 10:15:15.573;I.IGUAL;LLAMADA AUTOMATICA: 16/03/2017 10:15:15
661889;132;2017-03-16 12:11:06.910;L.GOMEZ;LLAMADA AUTOMATICA: 16/03/2017 12:11:06
662458;132;2017-03-16 15:10:35.817;N.CERVERA;LLAMADA AUTOMATICA: 16/03/2017 15:10:35
663610;132;2017-03-17 10:07:58.077;C.JIMENEZ;LLAMADA AUTOMATICA: 17/03/2017 10:07:58
664090;132;2017-03-20 11:26:41.727;F.ARINO;LLAMADA AUTOMATICA: 20/03/2017 11:26:41
664858;132;2017-03-20 13:58:27.510;I.IGUAL;LLAMADA AUTOMATICA: 20/03/2017 13:58:27
665536;132;2017-03-20 16:16:37.647;L.GOMEZ;LLAMADA AUTOMATICA: 20/03/2017 16:16:37
666167;132;2017-03-20 18:03:00.037;I.IGUAL;LLAMADA AUTOMATICA: 20/03/2017 18:03:00
666753;132;2017-03-21 09:18:13.813;N.CERVERA;LLAMADA AUTOMATICA: 21/03/2017 9:18:13
667413;132;2017-03-21 12:32:41.803;M.CLARAMUNT;LLAMADA AUTOMATICA: 21/03/2017 12:32:41
667993;132;2017-03-21 15:58:52.603;L.GOMEZ;LLAMADA AUTOMATICA: 21/03/2017 15:58:52
668492;132;2017-03-21 17:54:11.010;L.GOMEZ;LLAMADA AUTOMATICA: 21/03/2017 17:54:11
669568;132;2017-03-22 12:35:53.997;L.QUESADA;LLAMADA AUTOMATICA: 22/03/2017 12:35:53
670251;132;2017-03-22 16:43:22.863;M.CLARAMUNT;LLAMADA AUTOMATICA: 22/03/2017 16:43:22
670938;132;2017-03-23 09:50:20.650;L.QUESADA;LLAMADA AUTOMATICA: 23/03/2017 9:50:20
671710;132;2017-03-23 12:57:01.370;I.IGUAL;LLAMADA AUTOMATICA: 23/03/2017 12:57:01
672770;132;2017-03-23 17:38:50.613;L.QUESADA;LLAMADA AUTOMATICA: 23/03/2017 17:38:50
673452;132;2017-03-24 09:58:25.583;I.IGUAL;LLAMADA AUTOMATICA: 24/03/2017 9:58:25
674016;132;2017-03-27 09:52:47.767;L.QUESADA;LLAMADA AUTOMATICA: 27/03/2017 9:52:47
674614;132;2017-03-27 12:24:16.953;L.QUESADA;LLAMADA AUTOMATICA: 27/03/2017 12:24:16
675192;132;2017-03-27 15:35:02.117;R.JIMENEZ;LLAMADA AUTOMATICA: 27/03/2017 15:35:02
675713;132;2017-03-27 17:48:32.340;L.QUESADA;LLAMADA AUTOMATICA: 27/03/2017 17:48:32
676215;132;2017-03-28 09:53:25.327;L.QUESADA;LLAMADA AUTOMATICA: 28/03/2017 9:53:25
676805;132;2017-03-28 12:27:37.613;I.IGUAL;LLAMADA AUTOMATICA: 28/03/2017 12:27:37
678602;132;2017-03-29 11:21:37.237;I.IGUAL;LLAMADA AUTOMATICA: 29/03/2017 11:21:37
679766;132;2017-03-29 17:23:31.373;L.QUESADA;LLAMADA AUTOMATICA: 29/03/2017 17:23:31
680614;132;2017-03-30 11:07:18.863;L.QUESADA;LLAMADA AUTOMATICA: 30/03/2017 11:07:18
681357;132;2017-03-30 15:35:23.917;L.QUESADA;LLAMADA AUTOMATICA: 30/03/2017 15:35:23
682018;132;2017-03-31 09:04:34.500;M.CLARAMUNT;LLAMADA AUTOMATICA: 31/03/2017 9:04:34
682635;132;2017-03-31 11:44:33.370;R.JIMENEZ;LLAMADA AUTOMATICA: 31/03/2017 11:44:33
683302;132;2017-04-03 11:04:11.597;M.SEVILLANOS;LLAMADA AUTOMATICA: 03/04/2017 11:04:11
683912;132;2017-04-03 13:46:55.337;M.CLARAMUNT;LLAMADA AUTOMATICA: 03/04/2017 13:46:55
684510;132;2017-04-03 15:52:04.733;L.QUESADA;LLAMADA AUTOMATICA: 03/04/2017 15:52:04
685044;132;2017-04-03 18:06:28.717;R.JIMENEZ;LLAMADA AUTOMATICA: 03/04/2017 18:06:28
685643;132;2017-04-04 12:25:48.647;I.IGUAL;LLAMADA AUTOMATICA: 04/04/2017 12:25:48
686122;132;2017-04-04 16:42:33.520;I.IGUAL;LLAMADA AUTOMATICA: 04/04/2017 16:42:33
686689;132;2017-04-05 10:12:46.577;L.QUESADA;LLAMADA AUTOMATICA: 05/04/2017 10:12:46
687260;132;2017-04-05 12:47:21.170;I.IGUAL;LLAMADA AUTOMATICA: 05/04/2017 12:47:21
687819;132;2017-04-05 15:54:00.100;L.QUESADA;LLAMADA AUTOMATICA: 05/04/2017 15:54:00
688371;132;2017-04-05 18:53:42.000;M.CLARAMUNT;LLAMADA AUTOMATICA: 05/04/2017 18:53:42
688956;132;2017-04-06 12:07:44.653;M.CLARAMUNT;LLAMADA AUTOMATICA: 06/04/2017 12:07:44
689474;132;2017-04-06 15:23:29.933;R.JIMENEZ;LLAMADA AUTOMATICA: 06/04/2017 15:23:29
690600;132;2017-04-07 11:03:46.207;I.IGUAL;LLAMADA AUTOMATICA: 07/04/2017 11:03:46
691191;132;2017-04-10 11:07:25.440;R.JIMENEZ;LLAMADA AUTOMATICA: 10/04/2017 11:07:25
691901;132;2017-04-11 13:05:50.787;R.JIMENEZ;LLAMADA AUTOMATICA: 11/04/2017 13:05:50
692515;132;2017-04-18 13:56:07.260;R.JIMENEZ;LLAMADA AUTOMATICA: 18/04/2017 13:56:07
693247;132;2017-04-19 17:57:15.700;R.JIMENEZ;LLAMADA AUTOMATICA: 19/04/2017 17:57:15
693887;132;2017-04-21 10:14:09.203;R.JIMENEZ;LLAMADA AUTOMATICA: 21/04/2017 10:14:09
694617;132;2017-04-25 12:20:34.740;R.JIMENEZ;LLAMADA AUTOMATICA: 25/04/2017 12:20:34
695241;132;2017-04-25 15:55:42.210;R.JIMENEZ;LLAMADA AUTOMATICA: 25/04/2017 15:55:42
695858;132;2017-04-25 18:31:31.077;I.IGUAL;LLAMADA AUTOMATICA: 25/04/2017 18:31:31
696428;132;2017-04-26 10:50:47.907;R.JIMENEZ;LLAMADA AUTOMATICA: 26/04/2017 10:50:47
697012;132;2017-04-26 13:02:49.227;R.JIMENEZ;LLAMADA AUTOMATICA: 26/04/2017 13:02:49
697567;132;2017-04-26 16:41:43.053;M.CLARAMUNT;LLAMADA AUTOMATICA: 26/04/2017 16:41:43
698061;132;2017-04-27 09:07:41.623;I.IGUAL;LLAMADA AUTOMATICA: 27/04/2017 9:07:41
698631;132;2017-04-27 12:09:52.627;L.QUESADA;LLAMADA AUTOMATICA: 27/04/2017 12:09:52
699114;132;2017-04-27 13:48:45.860;R.JIMENEZ;LLAMADA AUTOMATICA: 27/04/2017 13:48:45
699665;132;2017-04-27 16:37:57.393;M.CLARAMUNT;LLAMADA AUTOMATICA: 27/04/2017 16:37:57
700161;132;2017-04-27 18:52:10.030;L.QUESADA;LLAMADA AUTOMATICA: 27/04/2017 18:52:10
700653;132;2017-04-28 10:57:06.417;R.JIMENEZ;LLAMADA AUTOMATICA: 28/04/2017 10:57:06
701144;132;2017-05-02 09:52:08.567;I.IGUAL;LLAMADA AUTOMATICA: 02/05/2017 9:52:08
701682;132;2017-05-02 11:52:12.297;R.JIMENEZ;LLAMADA AUTOMATICA: 02/05/2017 11:52:12
702212;132;2017-05-02 13:49:14.297;L.QUESADA;LLAMADA AUTOMATICA: 02/05/2017 13:49:14
702713;132;2017-05-02 16:34:13.713;I.IGUAL;LLAMADA AUTOMATICA: 02/05/2017 16:34:13
703209;132;2017-05-02 18:45:44.773;I.IGUAL;LLAMADA AUTOMATICA: 02/05/2017 18:45:44
703697;132;2017-05-03 10:37:05.790;I.IGUAL;LLAMADA AUTOMATICA: 03/05/2017 10:37:05
704199;132;2017-05-03 13:00:18.383;R.JIMENEZ;LLAMADA AUTOMATICA: 03/05/2017 13:00:18
704666;132;2017-05-03 16:25:27.683;L.QUESADA;LLAMADA AUTOMATICA: 03/05/2017 16:25:27
705142;132;2017-05-04 09:05:00.687;I.IGUAL;LLAMADA AUTOMATICA: 04/05/2017 9:05:00
705641;132;2017-05-04 11:11:09.317;R.JIMENEZ;LLAMADA AUTOMATICA: 04/05/2017 11:11:09
706124;132;2017-05-04 13:09:01.210;L.QUESADA;LLAMADA AUTOMATICA: 04/05/2017 13:09:01
706606;132;2017-05-04 15:55:11.287;L.QUESADA;LLAMADA AUTOMATICA: 04/05/2017 15:55:11
706999;132;2017-05-04 17:39:43.903;M.CLARAMUNT;LLAMADA AUTOMATICA: 04/05/2017 17:39:43
707378;132;2017-05-05 09:02:43.333;L.QUESADA;LLAMADA AUTOMATICA: 05/05/2017 9:02:43
707780;132;2017-05-05 10:25:08.777;R.JIMENEZ;LLAMADA AUTOMATICA: 05/05/2017 10:25:08
708222;132;2017-05-08 09:32:19.107;R.JIMENEZ;LLAMADA AUTOMATICA: 08/05/2017 9:32:19
708224;132;2017-05-08 09:32:19.807;R.JIMENEZ;LLAMADA AUTOMATICA: 08/05/2017 9:32:19
708650;132;2017-05-08 11:12:29.940;M.CLARAMUNT;LLAMADA AUTOMATICA: 08/05/2017 11:12:29
709040;132;2017-05-08 12:21:39.170;L.QUESADA;LLAMADA AUTOMATICA: 08/05/2017 12:21:39
709426;132;2017-05-08 13:40:23.880;M.CLARAMUNT;LLAMADA AUTOMATICA: 08/05/2017 13:40:23
709834;132;2017-05-08 16:15:12.693;R.JIMENEZ;LLAMADA AUTOMATICA: 08/05/2017 16:15:12
710223;132;2017-05-08 17:55:29.007;M.CLARAMUNT;LLAMADA AUTOMATICA: 08/05/2017 17:55:29
710599;132;2017-05-09 09:12:22.517;R.JIMENEZ;LLAMADA AUTOMATICA: 09/05/2017 9:12:22
710977;132;2017-05-09 10:17:59.053;R.JIMENEZ;LLAMADA AUTOMATICA: 09/05/2017 10:17:59
711638;132;2017-05-09 13:32:33.713;M.CLARAMUNT;LLAMADA AUTOMATICA: 09/05/2017 13:32:33
712600;132;2017-05-09 18:32:35.353;I.IGUAL;LLAMADA AUTOMATICA: 09/05/2017 18:32:35
713006;132;2017-05-10 10:04:37.713;L.QUESADA;LLAMADA AUTOMATICA: 10/05/2017 10:04:37
713391;132;2017-05-10 11:44:09.687;I.IGUAL;LLAMADA AUTOMATICA: 10/05/2017 11:44:09
713767;132;2017-05-10 13:14:47.793;R.JIMENEZ;LLAMADA AUTOMATICA: 10/05/2017 13:14:47
714119;132;2017-05-10 15:25:52.930;R.JIMENEZ;LLAMADA AUTOMATICA: 10/05/2017 15:25:52
714125;132;2017-05-10 15:27:12.713;R.JIMENEZ;LLAMADA AUTOMATICA: 10/05/2017 15:27:12
714127;132;2017-05-10 15:27:12.883;R.JIMENEZ;LLAMADA AUTOMATICA: 10/05/2017 15:27:12
714503;132;2017-05-10 16:39:30.890;M.CLARAMUNT;LLAMADA AUTOMATICA: 10/05/2017 16:39:30
714885;132;2017-05-10 18:34:11.557;M.CLARAMUNT;LLAMADA AUTOMATICA: 10/05/2017 18:34:11
715231;132;2017-05-11 09:48:32.117;R.JIMENEZ;LLAMADA AUTOMATICA: 11/05/2017 9:48:32
715674;132;2017-05-11 12:07:20.657;I.IGUAL;LLAMADA AUTOMATICA: 11/05/2017 12:07:20
716033;132;2017-05-11 13:37:54.107;I.IGUAL;LLAMADA AUTOMATICA: 11/05/2017 13:37:54
716719;132;2017-05-11 17:31:50.487;R.JIMENEZ;LLAMADA AUTOMATICA: 11/05/2017 17:31:50
717062;132;2017-05-12 09:53:40.020;I.IGUAL;LLAMADA AUTOMATICA: 12/05/2017 9:53:40
717455;132;2017-05-12 11:36:33.387;L.QUESADA;LLAMADA AUTOMATICA: 12/05/2017 11:36:33
717891;132;2017-05-15 10:41:59.893;R.JIMENEZ;LLAMADA AUTOMATICA: 15/05/2017 10:41:59
718304;132;2017-05-15 12:30:01.000;L.QUESADA;LLAMADA AUTOMATICA: 15/05/2017 12:30:00
719122;132;2017-05-15 16:29:34.190;M.CLARAMUNT;LLAMADA AUTOMATICA: 15/05/2017 16:29:34
719521;132;2017-05-15 18:08:08.157;L.QUESADA;LLAMADA AUTOMATICA: 15/05/2017 18:08:08
719911;132;2017-05-16 09:37:19.313;R.JIMENEZ;LLAMADA AUTOMATICA: 16/05/2017 9:37:19
720288;132;2017-05-16 11:14:54.273;I.IGUAL;LLAMADA AUTOMATICA: 16/05/2017 11:14:54
720713;132;2017-05-16 12:31:51.747;R.JIMENEZ;LLAMADA AUTOMATICA: 16/05/2017 12:31:51
721098;132;2017-05-16 15:06:33.727;L.QUESADA;LLAMADA AUTOMATICA: 16/05/2017 15:06:33
721487;132;2017-05-16 17:52:12.207;I.IGUAL;LLAMADA AUTOMATICA: 16/05/2017 17:52:12
721870;132;2017-05-17 09:49:34.440;R.JIMENEZ;LLAMADA AUTOMATICA: 17/05/2017 9:49:34
722280;132;2017-05-17 15:26:49.083;I.IGUAL;LLAMADA AUTOMATICA: 17/05/2017 15:26:49
722652;132;2017-05-17 16:42:35.723;R.JIMENEZ;LLAMADA AUTOMATICA: 17/05/2017 16:42:35
723017;132;2017-05-17 18:24:36.833;I.IGUAL;LLAMADA AUTOMATICA: 17/05/2017 18:24:36
723393;132;2017-05-18 11:08:52.500;R.JIMENEZ;LLAMADA AUTOMATICA: 18/05/2017 11:08:52
723805;132;2017-05-18 15:24:25.470;I.IGUAL;LLAMADA AUTOMATICA: 18/05/2017 15:24:25
724174;132;2017-05-18 17:31:06.880;R.JIMENEZ;LLAMADA AUTOMATICA: 18/05/2017 17:31:06
724522;132;2017-05-19 10:01:31.773;R.JIMENEZ;LLAMADA AUTOMATICA: 19/05/2017 10:01:31
724958;132;2017-05-22 12:21:08.873;M.CLARAMUNT;LLAMADA AUTOMATICA: 22/05/2017 12:21:08
725360;132;2017-05-22 13:49:38.763;M.CLARAMUNT;LLAMADA AUTOMATICA: 22/05/2017 13:49:38
725752;132;2017-05-22 16:04:33.013;I.IGUAL;LLAMADA AUTOMATICA: 22/05/2017 16:04:33
726131;132;2017-05-22 17:48:50.567;R.JIMENEZ;LLAMADA AUTOMATICA: 22/05/2017 17:48:50
726507;132;2017-05-23 09:56:50.713;R.JIMENEZ;LLAMADA AUTOMATICA: 23/05/2017 9:56:50
726883;132;2017-05-23 13:02:48.793;I.IGUAL;LLAMADA AUTOMATICA: 23/05/2017 13:02:48
727799;132;2017-05-24 12:27:00.347;R.JIMENEZ;LLAMADA AUTOMATICA: 24/05/2017 12:27:00
728065;132;2017-05-24 15:17:17.880;I.IGUAL;LLAMADA AUTOMATICA: 24/05/2017 15:17:17
728843;132;2017-05-25 16:02:45.647;R.JIMENEZ;LLAMADA AUTOMATICA: 25/05/2017 16:02:45
729212;132;2017-05-26 11:40:52.310;R.JIMENEZ;LLAMADA AUTOMATICA: 26/05/2017 11:40:52
729654;132;2017-05-29 13:11:46.267;I.IGUAL;LLAMADA AUTOMATICA: 29/05/2017 13:11:46
730051;132;2017-05-29 15:58:21.763;L.QUESADA;LLAMADA AUTOMATICA: 29/05/2017 15:58:21
730421;132;2017-05-29 17:46:19.933;I.IGUAL;LLAMADA AUTOMATICA: 29/05/2017 17:46:19
730841;132;2017-05-30 10:04:24.910;L.QUESADA;LLAMADA AUTOMATICA: 30/05/2017 10:04:24
732067;132;2017-05-31 09:25:07.157;R.JIMENEZ;LLAMADA AUTOMATICA: 31/05/2017 9:25:07
733076;132;2017-05-31 16:42:47.157;M.CLARAMUNT;LLAMADA AUTOMATICA: 31/05/2017 16:42:47
734375;132;2017-06-01 15:18:43.837;L.QUESADA;LLAMADA AUTOMATICA: 01/06/2017 15:18:43
734941;132;2017-06-06 10:36:31.397;R.JIMENEZ;LLAMADA AUTOMATICA: 06/06/2017 10:36:31
735548;132;2017-06-06 15:35:56.337;R.JIMENEZ;LLAMADA AUTOMATICA: 06/06/2017 15:35:56
736083;132;2017-06-06 18:41:19.740;R.JIMENEZ;LLAMADA AUTOMATICA: 06/06/2017 18:41:19
738765;132;2017-06-08 18:36:57.987;I.IGUAL;LLAMADA AUTOMATICA: 08/06/2017 18:36:57
738766;132;2017-06-08 18:38:30.647;I.IGUAL;LLAMADA AUTOMATICA: 08/06/2017 18:38:30
740498;132;2017-06-13 12:34:18.273;R.JIMENEZ;LLAMADA AUTOMATICA: 13/06/2017 12:34:18
741908;132;2017-06-15 10:00:14.050;R.JIMENEZ;LLAMADA AUTOMATICA: 15/06/2017 10:00:14
743302;132;2017-06-19 12:00:14.100;I.IGUAL;LLAMADA AUTOMATICA: 19/06/2017 12:00:14
744345;132;2017-06-19 18:39:30.917;R.JIMENEZ;LLAMADA AUTOMATICA: 19/06/2017 18:39:30
745235;132;2017-06-20 13:53:44.243;R.JIMENEZ;LLAMADA AUTOMATICA: 20/06/2017 13:53:44
746042;132;2017-06-21 10:33:33.580;I.IGUAL;LLAMADA AUTOMATICA: 21/06/2017 10:33:33
746765;132;2017-06-21 15:31:24.760;L.QUESADA;LLAMADA AUTOMATICA: 21/06/2017 15:31:24
747501;132;2017-06-22 09:36:02.937;I.IGUAL;LLAMADA AUTOMATICA: 22/06/2017 9:36:02
747514;132;2017-06-22 09:41:34.947;I.IGUAL;LLAMADA AUTOMATICA: 22/06/2017 9:41:34
748821;132;2017-06-22 18:57:20.903;M.CLARAMUNT;LLAMADA AUTOMATICA: 22/06/2017 18:57:20
749482;132;2017-06-26 10:10:52.380;I.IGUAL;LLAMADA AUTOMATICA: 26/06/2017 10:10:52
750131;132;2017-06-26 13:43:11.430;L.QUESADA;LLAMADA AUTOMATICA: 26/06/2017 13:43:11
752512;132;2017-06-27 13:55:02.730;R.JIMENEZ;LLAMADA AUTOMATICA: 27/06/2017 13:55:02
754020;132;2017-06-28 10:04:53.180;L.QUESADA;LLAMADA AUTOMATICA: 28/06/2017 10:04:53
755139;132;2017-06-28 16:02:36.593;L.QUESADA;LLAMADA AUTOMATICA: 28/06/2017 16:02:36
756043;132;2017-06-29 10:52:22.967;R.JIMENEZ;LLAMADA AUTOMATICA: 29/06/2017 10:52:22
756045;132;2017-06-29 10:52:44.917;R.JIMENEZ;LLAMADA AUTOMATICA: 29/06/2017 10:52:44
756883;132;2017-06-29 15:44:15.533;L.QUESADA;LLAMADA AUTOMATICA: 29/06/2017 15:44:15
757562;132;2017-06-30 09:41:08.927;I.IGUAL;LLAMADA AUTOMATICA: 30/06/2017 9:41:08
758385;132;2017-07-03 10:11:55.287;I.IGUAL;LLAMADA AUTOMATICA: 03/07/2017 10:11:55
759117;132;2017-07-03 13:19:36.797;R.JIMENEZ;LLAMADA AUTOMATICA: 03/07/2017 13:19:36
759780;132;2017-07-03 16:52:49.507;L.QUESADA;LLAMADA AUTOMATICA: 03/07/2017 16:52:49
760381;132;2017-07-04 09:25:21.733;I.IGUAL;LLAMADA AUTOMATICA: 04/07/2017 9:25:21
761036;132;2017-07-04 12:14:38.410;L.QUESADA;LLAMADA AUTOMATICA: 04/07/2017 12:14:38
761574;132;2017-07-04 15:26:43.010;M.CLARAMUNT;LLAMADA AUTOMATICA: 04/07/2017 15:26:43
762634;132;2017-07-05 10:59:35.183;R.JIMENEZ;LLAMADA AUTOMATICA: 05/07/2017 10:59:35
763325;132;2017-07-05 17:45:46.520;M.CLARAMUNT;LLAMADA AUTOMATICA: 05/07/2017 17:45:46
763940;132;2017-07-06 13:28:47.853;R.JIMENEZ;LLAMADA AUTOMATICA: 06/07/2017 13:28:47
764454;132;2017-07-07 10:29:12.657;R.JIMENEZ;LLAMADA AUTOMATICA: 07/07/2017 10:29:12
764976;132;2017-07-10 12:02:14.147;R.JIMENEZ;LLAMADA AUTOMATICA: 10/07/2017 12:02:14
765473;132;2017-07-10 17:36:04.527;R.JIMENEZ;LLAMADA AUTOMATICA: 10/07/2017 17:36:04
765940;132;2017-07-11 12:05:45.833;R.JIMENEZ;LLAMADA AUTOMATICA: 11/07/2017 12:05:45
766341;132;2017-07-11 17:12:14.333;M.CLARAMUNT;LLAMADA AUTOMATICA: 11/07/2017 17:12:14
766792;132;2017-07-12 12:17:54.907;R.JIMENEZ;LLAMADA AUTOMATICA: 12/07/2017 12:17:54
767242;132;2017-07-12 16:48:41.387;R.JIMENEZ;LLAMADA AUTOMATICA: 12/07/2017 16:48:41
767714;132;2017-07-17 12:56:27.097;R.JIMENEZ;LLAMADA AUTOMATICA: 17/07/2017 12:56:27
768188;132;2017-07-18 09:08:17.357;R.JIMENEZ;LLAMADA AUTOMATICA: 18/07/2017 9:08:17
768695;132;2017-07-18 13:25:23.327;R.JIMENEZ;LLAMADA AUTOMATICA: 18/07/2017 13:25:23
769220;132;2017-07-19 10:56:49.507;M.CLARAMUNT;LLAMADA AUTOMATICA: 19/07/2017 10:56:49
769751;132;2017-07-19 16:02:08.883;R.JIMENEZ;LLAMADA AUTOMATICA: 19/07/2017 16:02:08
770224;132;2017-07-20 12:00:57.707;R.JIMENEZ;LLAMADA AUTOMATICA: 20/07/2017 12:00:57
770730;132;2017-07-21 09:46:53.457;R.JIMENEZ;LLAMADA AUTOMATICA: 21/07/2017 9:46:53
770734;132;2017-07-21 09:54:21.233;R.JIMENEZ;LLAMADA AUTOMATICA: 21/07/2017 9:54:21
771319;132;2017-07-24 11:17:54.590;M.CLARAMUNT;LLAMADA AUTOMATICA: 24/07/2017 11:17:54
771836;132;2017-07-24 16:59:10.510;M.CLARAMUNT;LLAMADA AUTOMATICA: 24/07/2017 16:59:10
772317;132;2017-07-25 13:21:44.677;R.JIMENEZ;LLAMADA AUTOMATICA: 25/07/2017 13:21:44
781261;132;2017-09-13 17:31:38.460;R.JIMENEZ;LLAMADA AUTOMATICA: 13/09/2017 17:31:38
785232;132;2017-09-19 13:58:36.377;M.CLARAMUNT;LLAMADA AUTOMATICA: 19/09/2017 13:58:36
787889;132;2017-09-21 16:40:42.723;B.SANCHEZ;LLAMADA AUTOMATICA: 21/09/2017 16:40:42
789507;132;2017-09-26 11:20:26.537;B.SANCHEZ;LLAMADA AUTOMATICA: 26/09/2017 11:20:26
793260;132;2017-09-29 10:48:36.907;L.PEREZ;LLAMADA AUTOMATICA: 29/09/2017 10:48:36
796166;132;2017-10-05 17:57:04.003;R.JIMENEZ;LLAMADA AUTOMATICA: 05/10/2017 17:57:04
799967;132;2017-10-19 10:55:27.987;R.JIMENEZ;LLAMADA AUTOMATICA: 19/10/2017 10:55:27
802461;132;2017-10-25 16:11:23.667;R.JIMENEZ;LLAMADA AUTOMATICA: 25/10/2017 16:11:23
804801;132;2017-11-06 11:48:59.263;R.JIMENEZ;LLAMADA AUTOMATICA: 06/11/2017 11:48:59
806874;132;2017-11-09 13:14:50.297;R.JIMENEZ;LLAMADA AUTOMATICA: 09/11/2017 13:14:50
808373;132;2017-11-14 10:15:19.307;R.JIMENEZ;LLAMADA AUTOMATICA: 14/11/2017 10:15:19
808396;132;2017-11-14 10:34:19.790;R.JIMENEZ;LLAMADA AUTOMATICA: 14/11/2017 10:34:19
809748;132;2017-11-16 09:46:28.307;R.JIMENEZ;LLAMADA AUTOMATICA: 16/11/2017 9:46:28
815435;132;2017-11-30 09:34:49.807;R.JIMENEZ;LLAMADA AUTOMATICA: 30/11/2017 9:34:49
818247;132;2017-12-15 09:09:45.930;R.JIMENEZ;LLAMADA AUTOMATICA: 15/12/2017 9:09:45
818249;132;2017-12-15 09:11:08.570;R.JIMENEZ;LLAMADA AUTOMATICA: 15/12/2017 9:11:08
820698;132;2018-01-03 17:26:18.953;R.JIMENEZ;LLAMADA AUTOMATICA: 03/01/2018 17:26:18
824203;132;2018-01-11 17:07:35.590;R.JIMENEZ;LLAMADA AUTOMATICA: 11/01/2018 17:07:35
828139;132;2018-01-24 13:23:17.137;R.JIMENEZ;LLAMADA AUTOMATICA: 24/01/2018 13:23:17
830918;132;2018-01-31 09:42:03.703;R.JIMENEZ;LLAMADA AUTOMATICA: 31/01/2018 9:42:03
833407;132;2018-02-06 09:43:17.080;R.JIMENEZ;LLAMADA AUTOMATICA: 06/02/2018 9:43:17
835642;132;2018-02-08 16:05:17.373;R.JIMENEZ;LLAMADA AUTOMATICA: 08/02/2018 16:05:17
837309;132;2018-02-13 11:59:01.480;R.JIMENEZ;LLAMADA AUTOMATICA: 13/02/2018 11:59:01
837312;132;2018-02-13 12:01:37.303;R.JIMENEZ;LLAMADA AUTOMATICA: 13/02/2018 12:01:37
839694;132;2018-02-16 10:37:05.620;R.JIMENEZ;LLAMADA AUTOMATICA: 16/02/2018 10:37:05
841617;132;2018-02-20 17:45:41.410;R.JIMENEZ;LLAMADA AUTOMATICA: 20/02/2018 17:45:41
844757;132;2018-02-28 11:59:06.397;R.JIMENEZ;LLAMADA AUTOMATICA: 28/02/2018 11:59:06
844758;132;2018-02-28 12:00:22.043;R.JIMENEZ;LLAMADA AUTOMATICA: 28/02/2018 12:00:22
846263;132;2018-03-06 11:52:37.080;R.JIMENEZ;LLAMADA AUTOMATICA: 06/03/2018 11:52:37
849494;132;2018-03-13 16:06:52.143;R.JIMENEZ;LLAMADA AUTOMATICA: 13/03/2018 16:06:52
849495;132;2018-03-13 16:07:34.793;R.JIMENEZ;LLAMADA AUTOMATICA: 13/03/2018 16:07:34
854293;132;2018-03-16 11:16:09.450;C.GARCIA;LLAMADA AUTOMATICA: 16/03/2018 11:16:09
854297;132;2018-03-16 11:17:37.120;C.GARCIA;LLAMADA AUTOMATICA: 16/03/2018 11:17:37
854303;132;2018-03-16 11:18:13.000;C.GARCIA;COMENTA TERESA PIÑOL NO VIVE AQUI.
854792;132;2018-03-16 12:34:39.293;T.VIVES;LLAMADA AUTOMATICA: 16/03/2018 12:34:39
854798;132;2018-03-16 12:35:18.093;T.VIVES;LLAMADA AUTOMATICA: 16/03/2018 12:35:18
858843;132;2018-03-17 13:42:05.173;M.ORTA;LLAMADA AUTOMATICA: 17/03/2018 13:42:05
862477;132;2018-03-19 14:52:26.690;A.PAZOS;LLAMADA AUTOMATICA: 19/03/2018 14:52:26
873214;132;2018-03-22 17:40:46.213;C.HIDALGO;LLAMADA AUTOMATICA: 22/03/2018 17:40:46
877197;132;2018-03-23 17:25:07.950;E.MESA;LLAMADA AUTOMATICA: 23/03/2018 17:25:07
880325;132;2018-03-24 14:14:07.340;A.PAZOS;LLAMADA AUTOMATICA: 24/03/2018 14:14:07
885128;132;2018-03-26 14:49:19.153;T.VIVES;LLAMADA AUTOMATICA: 26/03/2018 14:49:19
885139;132;2018-03-26 14:50:44.103;T.VIVES;LLAMADA AUTOMATICA: 26/03/2018 14:50:44
887255;132;2018-03-27 10:15:20.880;S.ROMANO;LLAMADA AUTOMATICA: 27/03/2018 10:15:20
889238;132;2018-03-27 13:46:33.050;C.GARCIA;LLAMADA AUTOMATICA: 27/03/2018 13:46:33
890953;132;2018-03-27 18:50:55.137;C.HIDALGO;LLAMADA AUTOMATICA: 27/03/2018 18:50:55
890955;132;2018-03-27 18:51:15.220;M.CLARAMUNT;LLAMADA AUTOMATICA: 27/03/2018 18:51:15
894190;132;2018-03-28 14:44:43.520;C.GARCIA;LLAMADA AUTOMATICA: 28/03/2018 14:44:43
903227;132;2018-04-04 14:08:40.920;I.IBANEZ;LLAMADA AUTOMATICA: 04/04/2018 14:08:40
903230;132;2018-04-04 14:08:56.750;I.IBANEZ;LLAMADA AUTOMATICA: 04/04/2018 14:08:56
907591;132;2018-04-05 20:35:51.233;J.ACEVEDO;LLAMADA AUTOMATICA: 05/04/2018 20:35:51
911702;132;2018-04-07 15:31:04.047;J.ACEVEDO;LLAMADA AUTOMATICA: 07/04/2018 15:31:04
915479;132;2018-04-09 16:14:15.143;M.RUIZ;LLAMADA AUTOMATICA: 09/04/2018 16:14:15
915482;132;2018-04-09 16:14:45.833;M.RUIZ;LLAMADA AUTOMATICA: 09/04/2018 16:14:45
915483;132;2018-04-09 16:14:48.703;M.RUIZ;LLAMADA AUTOMATICA: 09/04/2018 16:14:48
915486;132;2018-04-09 16:15:13.873;M.RUIZ;LLAMADA AUTOMATICA: 09/04/2018 16:15:13
919217;132;2018-04-10 18:52:59.997;J.ACEVEDO;LLAMADA AUTOMATICA: 10/04/2018 18:52:59
919221;132;2018-04-10 18:53:44.887;J.ACEVEDO;LLAMADA AUTOMATICA: 10/04/2018 18:53:44
922597;132;2018-04-12 11:46:34.237;A.PAZOS;LLAMADA AUTOMATICA: 12/04/2018 11:46:34
922600;132;2018-04-12 11:47:17.197;A.PAZOS;LLAMADA AUTOMATICA: 12/04/2018 11:47:17
926042;132;2018-04-13 16:01:17.867;J.ACEVEDO;LLAMADA AUTOMATICA: 13/04/2018 16:01:17
929207;132;2018-04-14 17:26:01.090;M.RUIZ;LLAMADA AUTOMATICA: 14/04/2018 17:26:01
933147;132;2018-04-16 20:23:09.067;E.MESA;LLAMADA AUTOMATICA: 16/04/2018 20:23:09
942487;132;2018-04-20 20:39:35.073;C.HIDALGO;LLAMADA AUTOMATICA: 20/04/2018 20:39:35
946401;132;2018-04-23 13:11:44.873;I.LOPEZ;LLAMADA AUTOMATICA: 23/04/2018 13:11:44
950029;132;2018-04-24 18:27:27.580;J.ACEVEDO;LLAMADA AUTOMATICA: 24/04/2018 18:27:27
955872;132;2018-04-27 14:13:45.163;A.PAZOS;LLAMADA AUTOMATICA: 27/04/2018 14:13:45
961687;132;2018-05-02 14:07:58.843;I.LOPEZ;LLAMADA AUTOMATICA: 02/05/2018 14:07:58
967953;132;2018-05-04 15:27:34.887;M.CLARAMUNT;LLAMADA AUTOMATICA: 04/05/2018 15:27:34
967954;132;2018-05-04 15:28:04.297;M.CLARAMUNT;LLAMADA AUTOMATICA: 04/05/2018 15:28:04
970852;132;2018-05-07 12:12:29.930;A.PAZOS;LLAMADA AUTOMATICA: 07/05/2018 12:12:29
973709;132;2018-05-08 19:10:51.347;J.ACEVEDO;LLAMADA AUTOMATICA: 08/05/2018 19:10:51
973711;132;2018-05-08 19:11:20.907;J.ACEVEDO;933193840 # 13 # 0 # ELENCOPROPRIETARI
973712;132;2018-05-08 19:11:30.197;J.ACEVEDO;LLAMADA AUTOMATICA: 08/05/2018 19:11:30
976436;132;2018-05-10 13:57:06.660;A.PAZOS;LLAMADA AUTOMATICA: 10/05/2018 13:57:06
979074;132;2018-05-12 09:31:47.540;R.JIMENEZ;LLAMADA AUTOMATICA: 12/05/2018 9:31:47
981363;132;2018-05-14 15:21:11.493;M.CLARAMUNT;LLAMADA AUTOMATICA: 14/05/2018 15:21:11
984181;132;2018-05-16 09:36:49.813;A.PAZOS;LLAMADA AUTOMATICA: 16/05/2018 9:36:49
989538;132;2018-05-19 09:34:08.163;R.JIMENEZ;LLAMADA AUTOMATICA: 19/05/2018 9:34:08
992090;132;2018-05-22 17:39:03.363;J.ACEVEDO;LLAMADA AUTOMATICA: 22/05/2018 17:39:03
996177;132;2018-05-26 12:14:45.193;J.ACEVEDO;LLAMADA AUTOMATICA: 26/05/2018 12:14:45
1000624;132;2018-05-30 15:56:32.960;E.JIMENEZ;LLAMADA AUTOMATICA: 30/05/2018 15:56:32
1007490;132;2018-06-06 20:29:13.840;M.CLARAMUNT;LLAMADA AUTOMATICA: 06/06/2018 20:29:13
1012837;132;2018-06-12 17:42:20.357;M.CLARAMUNT;LLAMADA AUTOMATICA: 12/06/2018 17:42:20
1016379;132;2018-06-16 15:54:36.507;M.CLARAMUNT;LLAMADA AUTOMATICA: 16/06/2018 15:54:36
1019670;132;2018-06-20 09:48:34.297;R.JIMENEZ;LLAMADA AUTOMATICA: 20/06/2018 9:48:34
1022836;132;2018-06-22 13:55:30.310;R.JIMENEZ;LLAMADA AUTOMATICA: 22/06/2018 13:55:30
1025785;132;2018-06-26 11:38:47.063;R.JIMENEZ;LLAMADA AUTOMATICA: 26/06/2018 11:38:47
1028561;132;2018-06-28 09:53:04.400;R.JIMENEZ;LLAMADA AUTOMATICA: 28/06/2018 9:53:04
1031281;132;2018-06-29 18:47:36.907;M.CLARAMUNT;LLAMADA AUTOMATICA: 29/06/2018 18:47:36
1034145;132;2018-07-03 09:54:07.170;R.JIMENEZ;LLAMADA AUTOMATICA: 03/07/2018 9:54:07
1036690;132;2018-07-05 09:21:46.190;R.JIMENEZ;LLAMADA AUTOMATICA: 05/07/2018 9:21:46
1039155;132;2018-07-07 15:32:03.073;E.JIMENEZ;LLAMADA AUTOMATICA: 07/07/2018 15:32:03
1041847;132;2018-07-10 14:19:36.603;R.JIMENEZ;LLAMADA AUTOMATICA: 10/07/2018 14:19:36
1044347;132;2018-07-12 13:08:09.793;R.JIMENEZ;LLAMADA AUTOMATICA: 12/07/2018 13:08:09
1046744;132;2018-07-17 20:03:28.967;E.JIMENEZ;LLAMADA AUTOMATICA: 17/07/2018 20:03:28
1051195;132;2018-07-24 10:34:34.497;R.JIMENEZ;LLAMADA AUTOMATICA: 24/07/2018 10:34:34
1056199;132;2018-08-01 10:25:44.190;R.JIMENEZ;LLAMADA AUTOMATICA: 01/08/2018 10:25:44
1059180;132;2018-08-04 18:01:41.610;M.CLARAMUNT;LLAMADA AUTOMATICA: 04/08/2018 18:01:41
1062578;132;2018-08-29 20:43:20.320;E.JIMENEZ;LLAMADA AUTOMATICA: 29/08/2018 20:43:20
1066131;132;2018-09-05 17:09:40.257;M.CLARAMUNT;LLAMADA AUTOMATICA: 05/09/2018 17:09:40
1084130;132;2018-10-09 11:29:44.927;R.JIMENEZ;LLAMADA AUTOMATICA: 09/10/2018 11:29:44
1096519;132;2018-10-29 11:34:53.753;R.JIMENEZ;LLAMADA AUTOMATICA: 29/10/2018 11:34:53
1107248;132;2018-11-14 10:09:15.877;R.JIMENEZ;LLAMADA AUTOMATICA: 14/11/2018 10:09:15
1114221;132;2018-11-22 10:14:43.307;R.JIMENEZ;LLAMADA AUTOMATICA: 22/11/2018 10:14:43
664073;147;2017-03-20 11:24:22.000;I.IGUAL;INTERESADO EL 21/3 INGRESABA EN HOSPITAL
678525;147;2017-03-29 11:05:53.217;I.IGUAL;LLAMADA AUTOMATICA: 29/03/2017 11:05:53
679523;147;2017-03-29 16:21:54.477;I.IGUAL;LLAMADA AUTOMATICA: 29/03/2017 16:21:54
679530;147;2017-03-29 16:23:30.527;I.IGUAL;NO VENDE
800155;147;2017-10-19 12:56:24.867;R.JIMENEZ;LLAMADA AUTOMATICA: 19/10/2017 12:56:24
800156;147;2017-10-19 12:57:37.227;R.JIMENEZ;NO VENDE
932729;147;2018-04-16 18:38:20.923;E.MESA;LLAMADA AUTOMATICA: 16/04/2018 18:38:20
932740;147;2018-04-16 18:40:48.783;E.MESA;NO VENDE
1088435;147;2018-10-17 15:50:47.430;M.CLARAMUNT;LLAMADA AUTOMATICA: 17/10/2018 15:50:47
1089197;147;2018-10-18 14:36:53.263;M.CLARAMUNT;LLAMADA AUTOMATICA: 18/10/2018 14:36:53
1089925;147;2018-10-19 15:00:56.230;M.CLARAMUNT;LLAMADA AUTOMATICA: 19/10/2018 15:00:56
1091151;147;2018-10-20 20:38:11.430;M.CLARAMUNT;LLAMADA AUTOMATICA: 20/10/2018 20:38:11
1092858;147;2018-10-23 19:54:03.027;M.CLARAMUNT;LLAMADA AUTOMATICA: 23/10/2018 19:54:03
1092862;147;2018-10-23 19:55:47.000;M.CLARAMUNT;OBTIENE MUY BUENA RENTABILIDAD LO TIENE ALQUILADO COMO APARTAMENTOS TURISTICOS
1092864;147;2018-10-23 19:57:30.157;M.CLARAMUNT;NO VENDE
630648;149;2017-03-01 14:44:58.897;M.SEVILLANOS;LLAMADA AUTOMATICA: 01/03/2017 14:44:58
849124;149;2018-03-13 12:20:34.483;I.IBANEZ;LLAMADA AUTOMATICA: 13/03/2018 12:20:34
849125;149;2018-03-13 12:20:42.987;I.IBANEZ;LLAMADA AUTOMATICA: 13/03/2018 12:20:42
849129;149;2018-03-13 12:21:09.060;I.IBANEZ;LLAMADA AUTOMATICA: 13/03/2018 12:21:09
854098;149;2018-03-16 10:27:58.010;C.GARCIA;LLAMADA AUTOMATICA: 16/03/2018 10:27:58
854099;149;2018-03-16 10:28:07.800;C.GARCIA;LLAMADA AUTOMATICA: 16/03/2018 10:28:07
854105;149;2018-03-16 10:28:34.510;C.GARCIA;LLAMADA AUTOMATICA: 16/03/2018 10:28:34
858736;149;2018-03-17 13:29:12.740;E.PERIS;LLAMADA AUTOMATICA: 17/03/2018 13:29:12
865582;149;2018-03-20 14:33:03.657;M.ROMANI;LLAMADA AUTOMATICA: 20/03/2018 14:33:03
865590;149;2018-03-20 14:33:37.367;M.ROMANI;LLAMADA AUTOMATICA: 20/03/2018 14:33:37
865604;149;2018-03-20 14:34:38.157;M.ROMANI;LLAMADA AUTOMATICA: 20/03/2018 14:34:38
865613;149;2018-03-20 14:35:00.787;M.ROMANI;LLAMADA AUTOMATICA: 20/03/2018 14:35:00
881972;149;2018-03-26 09:10:42.820;S.ROMANO;LLAMADA AUTOMATICA: 26/03/2018 9:10:42
881973;149;2018-03-26 09:10:52.200;S.ROMANO;LLAMADA AUTOMATICA: 26/03/2018 9:10:52
881974;149;2018-03-26 09:11:09.820;S.ROMANO;LLAMADA AUTOMATICA: 26/03/2018 9:11:09
884430;149;2018-03-26 13:33:18.513;T.VIVES;LLAMADA AUTOMATICA: 26/03/2018 13:33:18
884431;149;2018-03-26 13:33:27.493;T.VIVES;LLAMADA AUTOMATICA: 26/03/2018 13:33:27
884436;149;2018-03-26 13:34:11.343;T.VIVES;LLAMADA AUTOMATICA: 26/03/2018 13:34:11
886556;149;2018-03-26 20:45:40.960;J.ACEVEDO;LLAMADA AUTOMATICA: 26/03/2018 20:45:40
886557;149;2018-03-26 20:46:05.450;J.ACEVEDO;LLAMADA AUTOMATICA: 26/03/2018 20:46:05
901965;149;2018-04-04 11:17:57.807;E.PERIS;LLAMADA AUTOMATICA: 04/04/2018 11:17:57
901966;149;2018-04-04 11:18:06.477;E.PERIS;LLAMADA AUTOMATICA: 04/04/2018 11:18:06
906263;149;2018-04-05 15:52:43.293;M.CLARAMUNT;LLAMADA AUTOMATICA: 05/04/2018 15:52:43
906264;149;2018-04-05 15:52:43.733;M.CLARAMUNT;LLAMADA AUTOMATICA: 05/04/2018 15:52:43
945360;149;2018-04-21 20:19:40.790;J.ACEVEDO;LLAMADA AUTOMATICA: 21/04/2018 20:19:40
958241;149;2018-04-28 12:35:01.917;I.LOPEZ;LLAMADA AUTOMATICA: 28/04/2018 12:35:01
958244;149;2018-04-28 12:35:15.327;I.LOPEZ;LLAMADA AUTOMATICA: 28/04/2018 12:35:15
958245;149;2018-04-28 12:35:23.557;I.LOPEZ;LLAMADA AUTOMATICA: 28/04/2018 12:35:23
960920;149;2018-05-02 10:56:13.697;A.PAZOS;LLAMADA AUTOMATICA: 02/05/2018 10:56:13
960921;149;2018-05-02 10:56:23.377;A.PAZOS;LLAMADA AUTOMATICA: 02/05/2018 10:56:23
960922;149;2018-05-02 10:56:34.297;A.PAZOS;LLAMADA AUTOMATICA: 02/05/2018 10:56:34
967078;149;2018-05-04 10:13:56.203;A.PAZOS;LLAMADA AUTOMATICA: 04/05/2018 10:13:56
975670;149;2018-05-09 20:34:30.090;J.ACEVEDO;LLAMADA AUTOMATICA: 09/05/2018 20:34:30
975671;149;2018-05-09 20:34:40.300;J.ACEVEDO;LLAMADA AUTOMATICA: 09/05/2018 20:34:40
975672;149;2018-05-09 20:34:52.770;J.ACEVEDO;LLAMADA AUTOMATICA: 09/05/2018 20:34:52
999506;149;2018-05-29 20:22:17.690;E.JIMENEZ;LLAMADA AUTOMATICA: 29/05/2018 20:22:17
999508;149;2018-05-29 20:22:47.157;E.JIMENEZ;LLAMADA AUTOMATICA: 29/05/2018 20:22:47
1018656;149;2018-06-19 12:10:02.833;R.JIMENEZ;LLAMADA AUTOMATICA: 19/06/2018 12:10:02
1021958;149;2018-06-21 18:38:18.907;M.CLARAMUNT;NO VENDE
1091123;149;2018-10-20 20:28:31.277;E.JIMENEZ;LLAMADA AUTOMATICA: 20/10/2018 20:28:31
1093548;149;2018-10-24 16:51:12.147;E.JIMENEZ;LLAMADA AUTOMATICA: 24/10/2018 16:51:12
1093549;149;2018-10-24 16:51:31.913;E.JIMENEZ;LLAMADA AUTOMATICA: 24/10/2018 16:51:31
1093550;149;2018-10-24 16:51:41.333;E.JIMENEZ;LLAMADA AUTOMATICA: 24/10/2018 16:51:41
1093552;149;2018-10-24 16:52:22.723;E.JIMENEZ;LLAMADA AUTOMATICA: 24/10/2018 16:52:22
1093557;149;2018-10-24 16:55:35.683;E.JIMENEZ;937339950 # 13 # 0 # ELENCOPROPRIETARI
1093558;149;2018-10-24 16:55:39.023;E.JIMENEZ;937339950 # 13 # 1 # ELENCOPROPRIETARI
1093559;149;2018-10-24 16:55:41.263;E.JIMENEZ;937339950 # 13 # 2 # ELENCOPROPRIETARI
1093560;149;2018-10-24 16:55:46.373;E.JIMENEZ;937339950 # 13 # 5 # ELENCOPROPRIETARI
853624;150;2018-03-16 09:10:32.737;A.PAZOS;LLAMADA AUTOMATICA: 16/03/2018 9:10:32
853625;150;2018-03-16 09:10:35.827;A.PAZOS;LLAMADA AUTOMATICA: 16/03/2018 9:10:35
893876;150;2018-03-28 14:11:57.613;M.ROMANI;LLAMADA AUTOMATICA: 28/03/2018 14:11:57
893878;150;2018-03-28 14:12:08.973;M.ROMANI;LLAMADA AUTOMATICA: 28/03/2018 14:12:08
893879;150;2018-03-28 14:12:25.463;M.ROMANI;LLAMADA AUTOMATICA: 28/03/2018 14:12:25
893881;150;2018-03-28 14:12:39.033;M.ROMANI;LLAMADA AUTOMATICA: 28/03/2018 14:12:39
898648;150;2018-04-03 13:58:34.437;S.ROMANO;LLAMADA AUTOMATICA: 03/04/2018 13:58:34
898653;150;2018-04-03 13:58:52.087;S.ROMANO;LLAMADA AUTOMATICA: 03/04/2018 13:58:52
898655;150;2018-04-03 13:58:57.413;E.PERIS;LLAMADA AUTOMATICA: 03/04/2018 13:58:57
898669;150;2018-04-03 14:00:05.667;C.GARCIA;LLAMADA AUTOMATICA: 03/04/2018 14:00:05
898682;150;2018-04-03 14:01:07.557;C.GARCIA;973310309 # 1 # 0 # PROPVERDGV
902921;150;2018-04-04 13:19:58.220;R.JIMENEZ;LLAMADA AUTOMATICA: 04/04/2018 13:19:58
902922;150;2018-04-04 13:20:08.807;R.JIMENEZ;LLAMADA AUTOMATICA: 04/04/2018 13:20:08
902925;150;2018-04-04 13:20:16.580;R.JIMENEZ;LLAMADA AUTOMATICA: 04/04/2018 13:20:16
902931;150;2018-04-04 13:20:55.803;R.JIMENEZ;LLAMADA AUTOMATICA: 04/04/2018 13:20:55
907379;150;2018-04-05 20:00:45.637;M.CLARAMUNT;LLAMADA AUTOMATICA: 05/04/2018 20:00:45
907381;150;2018-04-05 20:01:02.637;M.CLARAMUNT;LLAMADA AUTOMATICA: 05/04/2018 20:01:02
908105;150;2018-04-06 11:50:56.883;A.PAZOS;LLAMADA AUTOMATICA: 06/04/2018 11:50:56
915149;150;2018-04-09 15:21:46.863;M.RUIZ;LLAMADA AUTOMATICA: 09/04/2018 15:21:46
915151;150;2018-04-09 15:21:59.113;M.RUIZ;LLAMADA AUTOMATICA: 09/04/2018 15:21:59
915153;150;2018-04-09 15:22:07.423;M.RUIZ;LLAMADA AUTOMATICA: 09/04/2018 15:22:07
918904;150;2018-04-10 17:50:57.330;M.CLARAMUNT;LLAMADA AUTOMATICA: 10/04/2018 17:50:57
918906;150;2018-04-10 17:51:09.900;M.CLARAMUNT;LLAMADA AUTOMATICA: 10/04/2018 17:51:09
919631;150;2018-04-10 20:38:14.797;C.HIDALGO;LLAMADA AUTOMATICA: 10/04/2018 20:38:14
919635;150;2018-04-10 20:38:55.300;C.HIDALGO;LLAMADA AUTOMATICA: 10/04/2018 20:38:55
922357;150;2018-04-12 09:41:15.367;R.JIMENEZ;LLAMADA AUTOMATICA: 12/04/2018 9:41:15
928875;150;2018-04-14 16:23:57.560;M.RUIZ;LLAMADA AUTOMATICA: 14/04/2018 16:23:57
928876;150;2018-04-14 16:24:08.530;M.RUIZ;LLAMADA AUTOMATICA: 14/04/2018 16:24:08
928878;150;2018-04-14 16:24:19.610;M.RUIZ;LLAMADA AUTOMATICA: 14/04/2018 16:24:19
931823;150;2018-04-16 15:19:19.760;E.MESA;LLAMADA AUTOMATICA: 16/04/2018 15:19:19
931827;150;2018-04-16 15:19:25.810;E.MESA;LLAMADA AUTOMATICA: 16/04/2018 15:19:25
942123;150;2018-04-20 18:33:47.527;M.RUIZ;LLAMADA AUTOMATICA: 20/04/2018 18:33:47
942125;150;2018-04-20 18:33:53.667;M.RUIZ;LLAMADA AUTOMATICA: 20/04/2018 18:33:53
942127;150;2018-04-20 18:34:02.637;M.RUIZ;LLAMADA AUTOMATICA: 20/04/2018 18:34:02
942129;150;2018-04-20 18:34:47.037;M.RUIZ;LLAMADA AUTOMATICA: 20/04/2018 18:34:47
946079;150;2018-04-23 11:38:15.223;A.PAZOS;LLAMADA AUTOMATICA: 23/04/2018 11:38:15
946081;150;2018-04-23 11:38:27.503;A.PAZOS;LLAMADA AUTOMATICA: 23/04/2018 11:38:27
950516;150;2018-04-24 20:35:42.480;M.CLARAMUNT;LLAMADA AUTOMATICA: 24/04/2018 20:35:42
950520;150;2018-04-24 20:36:04.380;M.CLARAMUNT;LLAMADA AUTOMATICA: 24/04/2018 20:36:04
950522;150;2018-04-24 20:36:15.370;M.CLARAMUNT;LLAMADA AUTOMATICA: 24/04/2018 20:36:15
951995;150;2018-04-25 18:08:35.043;J.ACEVEDO;LLAMADA AUTOMATICA: 25/04/2018 18:08:35
958855;150;2018-04-28 15:30:59.527;M.CLARAMUNT;LLAMADA AUTOMATICA: 28/04/2018 15:30:59
958856;150;2018-04-28 15:31:13.967;M.CLARAMUNT;LLAMADA AUTOMATICA: 28/04/2018 15:31:13
961457;150;2018-05-02 13:03:22.570;A.PAZOS;LLAMADA AUTOMATICA: 02/05/2018 13:03:22
961458;150;2018-05-02 13:03:30.960;A.PAZOS;LLAMADA AUTOMATICA: 02/05/2018 13:03:30
967689;150;2018-05-04 13:28:25.253;I.LOPEZ;LLAMADA AUTOMATICA: 04/05/2018 13:28:25
967691;150;2018-05-04 13:28:38.033;I.LOPEZ;LLAMADA AUTOMATICA: 04/05/2018 13:28:38
976231;150;2018-05-10 12:14:31.990;A.PAZOS;LLAMADA AUTOMATICA: 10/05/2018 12:14:31
978838;150;2018-05-11 19:37:37.833;J.ACEVEDO;LLAMADA AUTOMATICA: 11/05/2018 19:37:37
978839;150;2018-05-11 19:37:55.103;J.ACEVEDO;LLAMADA AUTOMATICA: 11/05/2018 19:37:55
981178;150;2018-05-14 14:14:08.190;R.JIMENEZ;LLAMADA AUTOMATICA: 14/05/2018 14:14:08
981181;150;2018-05-14 14:14:19.830;R.JIMENEZ;LLAMADA AUTOMATICA: 14/05/2018 14:14:19
983897;150;2018-05-15 20:17:23.620;M.CLARAMUNT;LLAMADA AUTOMATICA: 15/05/2018 20:17:23
983899;150;2018-05-15 20:17:39.310;M.CLARAMUNT;LLAMADA AUTOMATICA: 15/05/2018 20:17:39
986740;150;2018-05-17 13:07:29.437;A.PAZOS;LLAMADA AUTOMATICA: 17/05/2018 13:07:29
989323;150;2018-05-18 19:41:11.550;M.CLARAMUNT;LLAMADA AUTOMATICA: 18/05/2018 19:41:11
989324;150;2018-05-18 19:41:20.840;M.CLARAMUNT;LLAMADA AUTOMATICA: 18/05/2018 19:41:20
991829;150;2018-05-22 16:01:58.370;J.ACEVEDO;LLAMADA AUTOMATICA: 22/05/2018 16:01:58
991830;150;2018-05-22 16:02:06.200;J.ACEVEDO;LLAMADA AUTOMATICA: 22/05/2018 16:02:06
995737;150;2018-05-25 20:17:05.677;E.JIMENEZ;LLAMADA AUTOMATICA: 25/05/2018 20:17:05
995738;150;2018-05-25 20:17:14.347;E.JIMENEZ;LLAMADA AUTOMATICA: 25/05/2018 20:17:14
995739;150;2018-05-25 20:17:21.227;E.JIMENEZ;LLAMADA AUTOMATICA: 25/05/2018 20:17:21
1000211;150;2018-05-30 12:45:33.993;R.JIMENEZ;LLAMADA AUTOMATICA: 30/05/2018 12:45:33
1003974;150;2018-06-02 20:04:27.457;M.CLARAMUNT;LLAMADA AUTOMATICA: 02/06/2018 20:04:27
1003976;150;2018-06-02 20:04:36.247;M.CLARAMUNT;LLAMADA AUTOMATICA: 02/06/2018 20:04:36
1003978;150;2018-06-02 20:04:45.057;M.CLARAMUNT;LLAMADA AUTOMATICA: 02/06/2018 20:04:45
1007094;150;2018-06-06 16:36:21.273;M.CLARAMUNT;LLAMADA AUTOMATICA: 06/06/2018 16:36:21
1012401;150;2018-06-12 14:00:06.567;R.JIMENEZ;LLAMADA AUTOMATICA: 12/06/2018 14:00:06
1016137;150;2018-06-16 12:47:50.343;R.JIMENEZ;LLAMADA AUTOMATICA: 16/06/2018 12:47:50
1016138;150;2018-06-16 12:47:59.973;R.JIMENEZ;LLAMADA AUTOMATICA: 16/06/2018 12:47:59
1019341;150;2018-06-19 18:59:22.113;E.JIMENEZ;LLAMADA AUTOMATICA: 19/06/2018 18:59:22
1019343;150;2018-06-19 18:59:43.980;E.JIMENEZ;LLAMADA AUTOMATICA: 19/06/2018 18:59:43
1022572;150;2018-06-22 11:33:29.417;R.JIMENEZ;LLAMADA AUTOMATICA: 22/06/2018 11:33:29
1022573;150;2018-06-22 11:33:37.027;R.JIMENEZ;LLAMADA AUTOMATICA: 22/06/2018 11:33:37
1025590;150;2018-06-26 09:27:44.940;R.JIMENEZ;LLAMADA AUTOMATICA: 26/06/2018 9:27:44
1025591;150;2018-06-26 09:27:56.450;R.JIMENEZ;LLAMADA AUTOMATICA: 26/06/2018 9:27:56
1028317;150;2018-06-27 20:03:37.370;M.CLARAMUNT;LLAMADA AUTOMATICA: 27/06/2018 20:03:37
1028318;150;2018-06-27 20:03:51.870;M.CLARAMUNT;LLAMADA AUTOMATICA: 27/06/2018 20:03:51
1030983;150;2018-06-29 17:18:29.890;M.CLARAMUNT;LLAMADA AUTOMATICA: 29/06/2018 17:18:29
1030984;150;2018-06-29 17:18:39.693;M.CLARAMUNT;LLAMADA AUTOMATICA: 29/06/2018 17:18:39
1030985;150;2018-06-29 17:18:47.437;M.CLARAMUNT;LLAMADA AUTOMATICA: 29/06/2018 17:18:47
1031644;150;2018-06-30 09:39:58.247;M.CLARAMUNT;LLAMADA AUTOMATICA: 30/06/2018 9:39:58
1031645;150;2018-06-30 09:40:15.487;M.CLARAMUNT;LLAMADA AUTOMATICA: 30/06/2018 9:40:15
1031646;150;2018-06-30 09:40:25.307;M.CLARAMUNT;LLAMADA AUTOMATICA: 30/06/2018 9:40:25
1033901;150;2018-07-02 19:55:47.473;E.JIMENEZ;LLAMADA AUTOMATICA: 02/07/2018 19:55:47
1033902;150;2018-07-02 19:56:04.293;E.JIMENEZ;LLAMADA AUTOMATICA: 02/07/2018 19:56:04
1033903;150;2018-07-02 19:56:23.553;E.JIMENEZ;LLAMADA AUTOMATICA: 02/07/2018 19:56:23
1038957;150;2018-07-07 12:47:48.847;R.JIMENEZ;LLAMADA AUTOMATICA: 07/07/2018 12:47:48
1038958;150;2018-07-07 12:47:57.347;R.JIMENEZ;LLAMADA AUTOMATICA: 07/07/2018 12:47:57
1041662;150;2018-07-10 11:38:57.330;R.JIMENEZ;LLAMADA AUTOMATICA: 10/07/2018 11:38:57
1041663;150;2018-07-10 11:39:06.500;R.JIMENEZ;LLAMADA AUTOMATICA: 10/07/2018 11:39:06
1041664;150;2018-07-10 11:39:14.650;R.JIMENEZ;LLAMADA AUTOMATICA: 10/07/2018 11:39:14
1044174;150;2018-07-12 11:47:05.353;R.JIMENEZ;LLAMADA AUTOMATICA: 12/07/2018 11:47:05
1044175;150;2018-07-12 11:47:16.867;R.JIMENEZ;LLAMADA AUTOMATICA: 12/07/2018 11:47:16
1046527;150;2018-07-17 18:46:34.723;E.JIMENEZ;LLAMADA AUTOMATICA: 17/07/2018 18:46:34
1048831;150;2018-07-20 11:26:37.263;R.JIMENEZ;LLAMADA AUTOMATICA: 20/07/2018 11:26:37
1048832;150;2018-07-20 11:26:44.023;R.JIMENEZ;LLAMADA AUTOMATICA: 20/07/2018 11:26:44
1048833;150;2018-07-20 11:26:57.593;R.JIMENEZ;LLAMADA AUTOMATICA: 20/07/2018 11:26:57
1049271;150;2018-07-20 19:43:22.457;E.JIMENEZ;LLAMADA AUTOMATICA: 20/07/2018 19:43:22
1049272;150;2018-07-20 19:43:57.547;E.JIMENEZ;LLAMADA AUTOMATICA: 20/07/2018 19:43:57
1049273;150;2018-07-20 19:44:11.767;E.JIMENEZ;LLAMADA AUTOMATICA: 20/07/2018 19:44:11
1050970;150;2018-07-23 18:25:25.103;M.CLARAMUNT;LLAMADA AUTOMATICA: 23/07/2018 18:25:25
1050972;150;2018-07-23 18:25:56.323;M.CLARAMUNT;LLAMADA AUTOMATICA: 23/07/2018 18:25:56
1055870;150;2018-07-31 18:20:18.450;E.JIMENEZ;LLAMADA AUTOMATICA: 31/07/2018 18:20:18
1055871;150;2018-07-31 18:20:31.593;E.JIMENEZ;LLAMADA AUTOMATICA: 31/07/2018 18:20:31
1058889;150;2018-08-04 15:14:44.227;M.CLARAMUNT;LLAMADA AUTOMATICA: 04/08/2018 15:14:44
1062204;150;2018-08-29 16:21:08.453;M.CLARAMUNT;LLAMADA AUTOMATICA: 29/08/2018 16:21:08
1062205;150;2018-08-29 16:21:19.110;M.CLARAMUNT;LLAMADA AUTOMATICA: 29/08/2018 16:21:19
1062208;150;2018-08-29 16:21:55.747;M.CLARAMUNT;LLAMADA AUTOMATICA: 29/08/2018 16:21:55
1065841;150;2018-09-05 12:56:58.737;R.JIMENEZ;LLAMADA AUTOMATICA: 05/09/2018 12:56:58
1065842;150;2018-09-05 12:57:05.507;R.JIMENEZ;LLAMADA AUTOMATICA: 05/09/2018 12:57:05
1083293;150;2018-10-08 13:24:35.737;R.JIMENEZ;LLAMADA AUTOMATICA: 08/10/2018 13:24:35
1095815;150;2018-10-27 11:51:56.620;R.JIMENEZ;LLAMADA AUTOMATICA: 27/10/2018 11:51:56
1106590;150;2018-11-13 14:08:40.060;R.JIMENEZ;LLAMADA AUTOMATICA: 13/11/2018 14:08:40
1113647;150;2018-11-21 13:57:16.103;R.JIMENEZ;LLAMADA AUTOMATICA: 21/11/2018 13:57:16
1113648;150;2018-11-21 13:57:24.310;R.JIMENEZ;LLAMADA AUTOMATICA: 21/11/2018 13:57:24
1077670;151;2018-09-29 10:57:13.777;R.JIMENEZ;LLAMADA AUTOMATICA: 29/09/2018 10:57:13
1083542;151;2018-10-08 16:18:27.303;M.CLARAMUNT;LLAMADA AUTOMATICA: 08/10/2018 16:18:27
1083546;151;2018-10-08 16:20:46.000;M.CLARAMUNT;ES EL SOBRINO QUIEN SE ENCARGA
1083547;151;2018-10-08 16:21:18.813;M.CLARAMUNT;NO VENDE
935882;152;2018-04-18 09:38:29.867;R.JIMENEZ;LLAMADA AUTOMATICA: 18/04/2018 9:38:29
935885;152;2018-04-18 09:38:41.780;R.JIMENEZ;LLAMADA AUTOMATICA: 18/04/2018 9:38:41
940520;152;2018-04-20 09:55:04.330;A.PAZOS;LLAMADA AUTOMATICA: 20/04/2018 9:55:04
944472;152;2018-04-21 16:19:24.423;J.ACEVEDO;LLAMADA AUTOMATICA: 21/04/2018 16:19:24
944474;152;2018-04-21 16:19:39.293;J.ACEVEDO;LLAMADA AUTOMATICA: 21/04/2018 16:19:39
948387;152;2018-04-23 20:58:23.720;C.HIDALGO;LLAMADA AUTOMATICA: 23/04/2018 20:58:23
948389;152;2018-04-23 20:58:38.927;C.HIDALGO;LLAMADA AUTOMATICA: 23/04/2018 20:58:38
954267;152;2018-04-26 18:22:36.233;J.ACEVEDO;LLAMADA AUTOMATICA: 26/04/2018 18:22:36
957635;152;2018-04-27 20:27:59.490;M.RUIZ;LLAMADA AUTOMATICA: 27/04/2018 20:27:59
957636;152;2018-04-27 20:28:08.067;M.RUIZ;LLAMADA AUTOMATICA: 27/04/2018 20:28:08
963405;152;2018-05-02 19:56:05.227;M.CLARAMUNT;LLAMADA AUTOMATICA: 02/05/2018 19:56:05
966446;152;2018-05-03 19:53:41.760;J.ACEVEDO;LLAMADA AUTOMATICA: 03/05/2018 19:53:41
966448;152;2018-05-03 19:53:50.840;J.ACEVEDO;LLAMADA AUTOMATICA: 03/05/2018 19:53:50
969384;152;2018-05-05 14:34:32.230;R.JIMENEZ;LLAMADA AUTOMATICA: 05/05/2018 14:34:32
972322;152;2018-05-08 10:03:21.733;R.JIMENEZ;LLAMADA AUTOMATICA: 08/05/2018 10:03:21
972323;152;2018-05-08 10:03:30.890;R.JIMENEZ;LLAMADA AUTOMATICA: 08/05/2018 10:03:30
974989;152;2018-05-09 15:48:45.990;J.ACEVEDO;LLAMADA AUTOMATICA: 09/05/2018 15:48:45
974990;152;2018-05-09 15:49:00.220;J.ACEVEDO;LLAMADA AUTOMATICA: 09/05/2018 15:49:00
977797;152;2018-05-11 10:44:31.237;A.PAZOS;LLAMADA AUTOMATICA: 11/05/2018 10:44:31
980187;152;2018-05-12 17:19:55.010;J.ACEVEDO;LLAMADA AUTOMATICA: 12/05/2018 17:19:55
980205;152;2018-05-12 17:45:55.627;J.ACEVEDO;LLAMADA AUTOMATICA: 12/05/2018 17:45:55
982693;152;2018-05-15 12:40:36.023;R.JIMENEZ;LLAMADA AUTOMATICA: 15/05/2018 12:40:36
982694;152;2018-05-15 12:40:47.020;R.JIMENEZ;LLAMADA AUTOMATICA: 15/05/2018 12:40:47
985491;152;2018-05-16 16:50:21.477;M.CLARAMUNT;LLAMADA AUTOMATICA: 16/05/2018 16:50:21
985492;152;2018-05-16 16:50:37.807;M.CLARAMUNT;LLAMADA AUTOMATICA: 16/05/2018 16:50:37
988274;152;2018-05-18 12:29:51.117;A.PAZOS;LLAMADA AUTOMATICA: 18/05/2018 12:29:51
990748;152;2018-05-19 17:20:33.463;M.CLARAMUNT;LLAMADA AUTOMATICA: 19/05/2018 17:20:33
990749;152;2018-05-19 17:20:43.463;M.CLARAMUNT;LLAMADA AUTOMATICA: 19/05/2018 17:20:43
993466;152;2018-05-23 18:11:49.767;J.ACEVEDO;LLAMADA AUTOMATICA: 23/05/2018 18:11:49
993467;152;2018-05-23 18:11:58.127;J.ACEVEDO;LLAMADA AUTOMATICA: 23/05/2018 18:11:58
998604;152;2018-05-29 09:22:33.473;R.JIMENEZ;LLAMADA AUTOMATICA: 29/05/2018 9:22:33
998605;152;2018-05-29 09:22:44.440;R.JIMENEZ;LLAMADA AUTOMATICA: 29/05/2018 9:22:44
1002489;152;2018-06-01 16:43:13.903;E.JIMENEZ;LLAMADA AUTOMATICA: 01/06/2018 16:43:13
1002490;152;2018-06-01 16:43:25.793;E.JIMENEZ;LLAMADA AUTOMATICA: 01/06/2018 16:43:25
1002491;152;2018-06-01 16:43:54.313;E.JIMENEZ;LLAMADA AUTOMATICA: 01/06/2018 16:43:54
1005820;152;2018-06-05 16:48:19.263;E.JIMENEZ;LLAMADA AUTOMATICA: 05/06/2018 16:48:19
1005821;152;2018-06-05 16:48:28.293;E.JIMENEZ;LLAMADA AUTOMATICA: 05/06/2018 16:48:28
1014643;152;2018-06-14 17:10:58.323;M.CLARAMUNT;LLAMADA AUTOMATICA: 14/06/2018 17:10:58
1017955;152;2018-06-18 17:53:45.373;E.JIMENEZ;LLAMADA AUTOMATICA: 18/06/2018 17:53:45
1017957;152;2018-06-18 17:53:59.003;E.JIMENEZ;LLAMADA AUTOMATICA: 18/06/2018 17:53:59
1021151;152;2018-06-21 12:11:53.180;R.JIMENEZ;LLAMADA AUTOMATICA: 21/06/2018 12:11:53
1021152;152;2018-06-21 12:12:21.923;R.JIMENEZ;LLAMADA AUTOMATICA: 21/06/2018 12:12:21
1024241;152;2018-06-25 09:54:16.323;R.JIMENEZ;LLAMADA AUTOMATICA: 25/06/2018 9:54:16
1024242;152;2018-06-25 09:54:40.847;R.JIMENEZ;LLAMADA AUTOMATICA: 25/06/2018 9:54:40
1027212;152;2018-06-27 11:58:49.853;R.JIMENEZ;LLAMADA AUTOMATICA: 27/06/2018 11:58:49
1027213;152;2018-06-27 11:59:00.700;R.JIMENEZ;LLAMADA AUTOMATICA: 27/06/2018 11:59:00
1029930;152;2018-06-28 20:14:56.217;E.JIMENEZ;LLAMADA AUTOMATICA: 28/06/2018 20:14:56
1029931;152;2018-06-28 20:15:09.997;E.JIMENEZ;LLAMADA AUTOMATICA: 28/06/2018 20:15:09
1032763;152;2018-07-02 11:22:19.677;R.JIMENEZ;LLAMADA AUTOMATICA: 02/07/2018 11:22:19
1035413;152;2018-07-03 20:54:26.283;M.CLARAMUNT;LLAMADA AUTOMATICA: 03/07/2018 20:54:26
1035414;152;2018-07-03 20:54:52.017;M.CLARAMUNT;LLAMADA AUTOMATICA: 03/07/2018 20:54:52
1037874;152;2018-07-05 18:35:40.253;E.JIMENEZ;LLAMADA AUTOMATICA: 05/07/2018 18:35:40
1037876;152;2018-07-05 18:35:54.940;E.JIMENEZ;LLAMADA AUTOMATICA: 05/07/2018 18:35:54
1040473;152;2018-07-09 14:01:58.830;R.JIMENEZ;LLAMADA AUTOMATICA: 09/07/2018 14:01:58
1040474;152;2018-07-09 14:02:13.600;R.JIMENEZ;LLAMADA AUTOMATICA: 09/07/2018 14:02:13
1040475;152;2018-07-09 14:03:12.873;R.JIMENEZ;LLAMADA AUTOMATICA: 09/07/2018 14:03:12
1043157;152;2018-07-11 13:23:49.910;R.JIMENEZ;LLAMADA AUTOMATICA: 11/07/2018 13:23:49
1043158;152;2018-07-11 13:24:01.057;R.JIMENEZ;LLAMADA AUTOMATICA: 11/07/2018 13:24:01
1045548;152;2018-07-14 13:00:15.650;R.JIMENEZ;LLAMADA AUTOMATICA: 14/07/2018 13:00:15
1047863;152;2018-07-18 19:48:30.900;E.JIMENEZ;LLAMADA AUTOMATICA: 18/07/2018 19:48:30
1047864;152;2018-07-18 19:48:41.767;E.JIMENEZ;LLAMADA AUTOMATICA: 18/07/2018 19:48:41
1052388;152;2018-07-25 10:28:27.997;R.JIMENEZ;LLAMADA AUTOMATICA: 25/07/2018 10:28:27
1057624;152;2018-08-02 16:41:43.443;M.CLARAMUNT;LLAMADA AUTOMATICA: 02/08/2018 16:41:43
1057625;152;2018-08-02 16:42:15.613;M.CLARAMUNT;LLAMADA AUTOMATICA: 02/08/2018 16:42:15
1060806;152;2018-08-28 13:04:22.670;R.JIMENEZ;LLAMADA AUTOMATICA: 28/08/2018 13:04:22
1063946;152;2018-08-31 20:10:27.053;M.CLARAMUNT;LLAMADA AUTOMATICA: 31/08/2018 20:10:27
1063947;152;2018-08-31 20:10:36.283;M.CLARAMUNT;LLAMADA AUTOMATICA: 31/08/2018 20:10:36
1072242;152;2018-09-19 19:53:29.830;M.CLARAMUNT;LLAMADA AUTOMATICA: 19/09/2018 19:53:29
1101884;152;2018-11-07 16:04:49.453;M.CLARAMUNT;LLAMADA AUTOMATICA: 07/11/2018 16:04:49
1101885;152;2018-11-07 16:05:05.843;M.CLARAMUNT;LLAMADA AUTOMATICA: 07/11/2018 16:05:05
731021;154;2017-05-30 11:17:18.497;R.JIMENEZ;LLAMADA AUTOMATICA: 30/05/2017 11:17:18
732187;154;2017-05-31 10:15:18.883;I.IGUAL;LLAMADA AUTOMATICA: 31/05/2017 10:15:18
732189;154;2017-05-31 10:15:59.023;I.IGUAL;LLAMADA AUTOMATICA: 31/05/2017 10:15:59
733192;154;2017-05-31 17:35:05.857;M.CLARAMUNT;LLAMADA AUTOMATICA: 31/05/2017 17:35:05
733194;154;2017-05-31 17:36:05.343;M.CLARAMUNT;NO VENDE
809912;154;2017-11-16 12:25:41.267;R.JIMENEZ;LLAMADA AUTOMATICA: 16/11/2017 12:25:41
809914;154;2017-11-16 12:26:29.170;R.JIMENEZ;LLAMADA AUTOMATICA: 16/11/2017 12:26:29
815598;154;2017-11-30 12:07:55.913;R.JIMENEZ;LLAMADA AUTOMATICA: 30/11/2017 12:07:55
815599;154;2017-11-30 12:08:34.837;R.JIMENEZ;NO VENDE
996041;154;2018-05-26 10:37:56.327;R.JIMENEZ;LLAMADA AUTOMATICA: 26/05/2018 10:37:56
1000456;154;2018-05-30 14:09:54.437;J.ACEVEDO;LLAMADA AUTOMATICA: 30/05/2018 14:09:54
1000460;154;2018-05-30 14:10:49.127;J.ACEVEDO;LLAMADA AUTOMATICA: 30/05/2018 14:10:49
1004176;154;2018-06-04 09:52:03.207;R.JIMENEZ;LLAMADA AUTOMATICA: 04/06/2018 9:52:03
1004177;154;2018-06-04 09:52:26.107;R.JIMENEZ;LLAMADA AUTOMATICA: 04/06/2018 9:52:26
1007323;154;2018-06-06 18:44:41.700;E.JIMENEZ;LLAMADA AUTOMATICA: 06/06/2018 18:44:41
1007324;154;2018-06-06 18:45:38.023;E.JIMENEZ;LLAMADA AUTOMATICA: 06/06/2018 18:45:38
1016260;154;2018-06-16 14:28:56.880;R.JIMENEZ;LLAMADA AUTOMATICA: 16/06/2018 14:28:56
1016261;154;2018-06-16 14:29:10.080;R.JIMENEZ;LLAMADA AUTOMATICA: 16/06/2018 14:29:10
1019554;154;2018-06-19 20:21:11.113;E.JIMENEZ;LLAMADA AUTOMATICA: 19/06/2018 20:21:11
1019556;154;2018-06-19 20:22:02.963;E.JIMENEZ;LLAMADA AUTOMATICA: 19/06/2018 20:22:02
1022719;154;2018-06-22 13:01:46.740;R.JIMENEZ;LLAMADA AUTOMATICA: 22/06/2018 13:01:46
1022720;154;2018-06-22 13:02:16.280;R.JIMENEZ;LLAMADA AUTOMATICA: 22/06/2018 13:02:16
1022721;154;2018-06-22 13:02:20.030;R.JIMENEZ;LLAMADA AUTOMATICA: 22/06/2018 13:02:20
1025711;154;2018-06-26 10:32:28.837;R.JIMENEZ;LLAMADA AUTOMATICA: 26/06/2018 10:32:28
1025712;154;2018-06-26 10:33:23.850;R.JIMENEZ;NO VENDE
1078571;155;2018-10-01 16:23:07.113;M.CLARAMUNT;LLAMADA AUTOMATICA: 01/10/2018 16:23:07
1078572;155;2018-10-01 16:24:33.633;M.CLARAMUNT;NO VENDE
544402;157;2017-02-06 09:56:44.580;L.QUESADA;LLAMADA AUTOMATICA: 06/02/2017 9:56:44
547000;157;2017-02-06 13:59:26.937;M.SEVILLANOS;LLAMADA AUTOMATICA: 06/02/2017 13:59:26
549474;157;2017-02-06 17:58:08.297;R.JIMENEZ;LLAMADA AUTOMATICA: 06/02/2017 17:58:08
551993;157;2017-02-07 10:51:03.157;N.CERVERA;LLAMADA AUTOMATICA: 07/02/2017 10:51:03
554603;157;2017-02-07 16:11:35.023;L.GOMEZ;LLAMADA AUTOMATICA: 07/02/2017 16:11:35
554608;157;2017-02-07 16:12:10.533;L.GOMEZ;LLAMADA AUTOMATICA: 07/02/2017 16:12:10
557122;157;2017-02-08 10:20:23.657;L.QUESADA;LLAMADA AUTOMATICA: 08/02/2017 10:20:23
559570;157;2017-02-08 15:13:48.803;L.GOMEZ;LLAMADA AUTOMATICA: 08/02/2017 15:13:48
559575;157;2017-02-08 15:14:20.713;L.GOMEZ;LLAMADA AUTOMATICA: 08/02/2017 15:14:20
559577;157;2017-02-08 15:14:35.073;L.GOMEZ;LLAMADA AUTOMATICA: 08/02/2017 15:14:35
562067;157;2017-02-09 10:28:03.550;M.CLARAMUNT;LLAMADA AUTOMATICA: 09/02/2017 10:28:03
562081;157;2017-02-09 10:29:12.133;M.CLARAMUNT;NO VENDE
781619;157;2017-09-14 09:40:19.187;M.CLARAMUNT;LLAMADA AUTOMATICA: 14/09/2017 9:40:19
781627;157;2017-09-14 09:45:27.960;M.CLARAMUNT;LLAMADA AUTOMATICA: 14/09/2017 9:45:27
785394;157;2017-09-19 15:51:58.990;B.SANCHEZ;LLAMADA AUTOMATICA: 19/09/2017 15:51:58
785398;157;2017-09-19 15:52:42.307;B.SANCHEZ;NO VENDE
867707;157;2018-03-21 12:23:41.317;M.ORTA;LLAMADA AUTOMATICA: 21/03/2018 12:23:41
872868;157;2018-03-22 15:36:23.213;C.HIDALGO;LLAMADA AUTOMATICA: 22/03/2018 15:36:23
876976;157;2018-03-23 15:50:34.950;E.MESA;LLAMADA AUTOMATICA: 23/03/2018 15:50:34
893908;157;2018-03-28 14:17:42.250;A.PAZOS;LLAMADA AUTOMATICA: 28/03/2018 14:17:42
902958;157;2018-04-04 13:25:45.877;E.PERIS;LLAMADA AUTOMATICA: 04/04/2018 13:25:45
907301;157;2018-04-05 19:42:07.420;M.RUIZ;LLAMADA AUTOMATICA: 05/04/2018 19:42:07
911413;157;2018-04-07 14:40:04.920;M.CLARAMUNT;LLAMADA AUTOMATICA: 07/04/2018 14:40:04
911418;157;2018-04-07 14:40:52.840;M.CLARAMUNT;NO VENDE
1088567;157;2018-10-17 16:51:27.523;M.CLARAMUNT;LLAMADA AUTOMATICA: 17/10/2018 16:51:27
1095893;157;2018-10-27 13:37:51.693;R.JIMENEZ;LLAMADA AUTOMATICA: 27/10/2018 13:37:51
1106677;157;2018-11-13 14:31:01.380;R.JIMENEZ;LLAMADA AUTOMATICA: 13/11/2018 14:31:01
1113759;157;2018-11-21 14:39:10.930;E.JIMENEZ;LLAMADA AUTOMATICA: 21/11/2018 14:39:10
506280;161;2017-01-19 16:27:58.000;C.JIMENEZ;932183248 LA MUJER DE JOSE ME DICE QUE ES UN SOLAR PARA VENDER, LA LLAME MAÑANA PARA DARNOS TLF DE SU ABOGADO PARA TRATAR EL TEMA...
507786;161;2017-01-20 11:28:07.000;C.JIMENEZ;ME DA EL TLF: 637958299 DE ANA FERRE. FORMA PARTE DE LA SOCIEDAD PROPIETARIA DE LA FINCA Y SE ENCARGA DE ESTO.
507837;161;2017-01-20 11:37:12.000;C.JIMENEZ;SE PLANTEAN VENTA DE SOLAR (FACHADA A CALLE ALMERIA Y FACHADA A CALLE CROS, DONDE ESTÁ LA ENTRADA).  VIVE EN MADRID, PROPONE QUE VAYAMOS A VERLO Y SI NOS INTERESA SOLICITAR DATOS POR CORREO. SE PUEDE VER PERFECTAMENTE DESDE FUERA.   EL AYUNTAMIENTO LES DENEGÓ UNA LICENCIA PERO NO HAY PROBLEMA EN EDIFICAR, HABRÍA QUE PEDIR LICENCIA NUEVA.  ANAFERRE_2@HOTMAIL.COM  ALMERIA 8-10 ES UNA CASA CON 4 INQUILINOS PERO NO VENDEN.
507907;161;2017-01-20 12:01:46.000;C.JIMENEZ;LA VISITA QUE SALE DERIVADA DE ESTA FICHA ES C/CROS 24 AL SOLAR. SON LOS MISMOS PROPIETARIOS. VISITA HECHA AL SOLAR, TEMA TRATÁNDOSE.
553777;161;2017-02-07 14:29:08.290;F.ARINO;LLAMADA AUTOMATICA: 07/02/2017 14:29:08
560810;161;2017-02-08 18:19:24.383;L.QUESADA;LLAMADA AUTOMATICA: 08/02/2017 18:19:24
563416;161;2017-02-09 12:35:42.443;N.CERVERA;NO VENDE
591670;161;2017-02-17 11:27:33.347;L.QUESADA;NO VENDE
605559;161;2017-02-22 12:20:43.963;N.CERVERA;NO VENDE
671159;161;2017-03-23 10:48:00.693;R.JIMENEZ;LLAMADA AUTOMATICA: 23/03/2017 10:48:00
671161;161;2017-03-23 10:48:27.113;R.JIMENEZ;LLAMADA AUTOMATICA: 23/03/2017 10:48:27
671925;161;2017-03-23 13:50:15.247;M.CLARAMUNT;NO VENDE
743414;161;2017-06-19 12:36:59.237;R.JIMENEZ;LLAMADA AUTOMATICA: 19/06/2017 12:36:59
743416;161;2017-06-19 12:38:47.050;R.JIMENEZ;NO VENDE
796360;161;2017-10-06 10:20:09.660;R.JIMENEZ;LLAMADA AUTOMATICA: 06/10/2017 10:20:09
796361;161;2017-10-06 10:21:15.900;R.JIMENEZ;NO VENDE
826344;161;2018-01-22 09:50:42.893;R.JIMENEZ;LLAMADA AUTOMATICA: 22/01/2018 9:50:42
826353;161;2018-01-22 09:56:30.000;R.JIMENEZ;SI ESTA EN VENTA , PERO EL SR, FERRE ESTA ENFERMO CON LA GRIPE , VISITAR POR FUERA , Y A FINALES DE SEMANA CONTACTAR CON EL . NO ME DA PRETENSIONES .  VISITAR POR FUERA.
828277;161;2018-01-24 17:04:20.000;A.PEREZ;VISITA AL EXTERIOR DE LA FINCA, SEGUN INSTRUCCIONES DE LA PROPIEDAD, FINCA PEQUEÑA Y ALQUILADA, NO REHABILITADA. PENDIENTE PASEN SITUACION ARRENDATICIA Y PRETENSIONES.
829430;161;2018-01-29 10:11:06.000;A.PEREZ;HABLADO CON PROPIETARIO QUIERE 3 MILLONES. INVIABLE.
829573;161;2018-01-29 11:38:09.000;A.PEREZ;PASO A NO VENDE
932466;161;2018-04-16 17:33:35.883;E.MESA;LLAMADA AUTOMATICA: 16/04/2018 17:33:35
932478;161;2018-04-16 17:34:47.043;E.MESA;NO VENDE
1053188;161;2018-07-26 09:25:02.397;R.JIMENEZ;LLAMADA AUTOMATICA: 26/07/2018 9:25:02
1055426;161;2018-07-31 11:40:48.597;R.JIMENEZ;LLAMADA AUTOMATICA: 31/07/2018 11:40:48
1055427;161;2018-07-31 11:41:09.517;R.JIMENEZ;NO VENDE
1088184;161;2018-10-17 11:51:22.747;R.JIMENEZ;LLAMADA AUTOMATICA: 17/10/2018 11:51:22
1094371;161;2018-10-25 16:24:27.310;M.CLARAMUNT;LLAMADA AUTOMATICA: 25/10/2018 16:24:27
1094374;161;2018-10-25 16:25:44.650;M.CLARAMUNT;NO VENDE
853577;166;2018-03-15 20:29:47.430;N.TSADILIS;LLAMADA AUTOMATICA: 15/03/2018 20:29:47
853581;166;2018-03-15 20:35:43.900;N.TSADILIS;LLAMADA AUTOMATICA: 15/03/2018 20:35:43
853582;166;2018-03-15 20:38:01.240;N.TSADILIS;NO VENDE
1066448;166;2018-09-06 12:17:38.890;R.JIMENEZ;LLAMADA AUTOMATICA: 06/09/2018 12:17:38
1072892;166;2018-09-20 18:09:43.120;M.CLARAMUNT;LLAMADA AUTOMATICA: 20/09/2018 18:09:43
1072905;166;2018-09-20 18:13:57.000;M.CLARAMUNT;22@ SE HAN JUNTADO VARIOS PROPIETARIOS Y TODOS FORMAN UN SOLAR DE UNOS 10.000M2. YA DISPONEN DE PROYECTO DE EDIFICACIÓN Y HAN RECIBIDO YA VARIAS PROPUESTAS
1072912;166;2018-09-20 18:19:01.000;M.CLARAMUNT;REMITO INFOPOR MAIL
1072913;166;2018-09-20 18:19:31.210;M.CLARAMUNT;NO VENDE
731035;178;2017-05-30 11:20:17.723;L.QUESADA;LLAMADA AUTOMATICA: 30/05/2017 11:20:17
732193;178;2017-05-31 10:17:36.030;R.JIMENEZ;LLAMADA AUTOMATICA: 31/05/2017 10:17:36
732195;178;2017-05-31 10:18:25.180;R.JIMENEZ;NO VENDE
809927;178;2017-11-16 12:32:59.263;R.JIMENEZ;LLAMADA AUTOMATICA: 16/11/2017 12:32:59
815649;178;2017-11-30 12:35:33.537;R.JIMENEZ;LLAMADA AUTOMATICA: 30/11/2017 12:35:33
818352;178;2017-12-15 11:00:59.163;R.JIMENEZ;LLAMADA AUTOMATICA: 15/12/2017 11:00:59
820878;178;2018-01-04 12:32:02.540;R.JIMENEZ;LLAMADA AUTOMATICA: 04/01/2018 12:32:02
824402;178;2018-01-12 09:27:02.253;R.JIMENEZ;LLAMADA AUTOMATICA: 12/01/2018 9:27:02
824405;178;2018-01-12 09:27:30.927;R.JIMENEZ;NO VENDE
1054354;178;2018-07-28 11:23:03.530;R.JIMENEZ;LLAMADA AUTOMATICA: 28/07/2018 11:23:03
1054355;178;2018-07-28 11:23:10.430;R.JIMENEZ;LLAMADA AUTOMATICA: 28/07/2018 11:23:10
1054356;178;2018-07-28 11:23:17.890;R.JIMENEZ;LLAMADA AUTOMATICA: 28/07/2018 11:23:17
1057182;178;2018-08-02 11:21:27.710;R.JIMENEZ;LLAMADA AUTOMATICA: 02/08/2018 11:21:27
1060348;178;2018-08-27 20:18:03.510;M.CLARAMUNT;LLAMADA AUTOMATICA: 27/08/2018 20:18:03
1063539;178;2018-08-31 11:40:21.407;R.JIMENEZ;LLAMADA AUTOMATICA: 31/08/2018 11:40:21
1063540;178;2018-08-31 11:40:54.243;R.JIMENEZ;LLAMADA AUTOMATICA: 31/08/2018 11:40:54
1071058;178;2018-09-18 18:17:18.307;E.JIMENEZ;LLAMADA AUTOMATICA: 18/09/2018 18:17:18
1071059;178;2018-09-18 18:17:48.730;E.JIMENEZ;LLAMADA AUTOMATICA: 18/09/2018 18:17:48
1071060;178;2018-09-18 18:18:46.987;E.JIMENEZ;933001630 # 1 # 0 # PROPVERDGV
1071061;178;2018-09-18 18:18:53.877;E.JIMENEZ;LLAMADA AUTOMATICA: 18/09/2018 18:18:53
1087411;178;2018-10-16 13:29:24.150;R.JIMENEZ;LLAMADA AUTOMATICA: 16/10/2018 13:29:24
1100407;178;2018-11-06 10:05:50.677;R.JIMENEZ;LLAMADA AUTOMATICA: 06/11/2018 10:05:50
1100408;178;2018-11-06 10:06:00.730;R.JIMENEZ;LLAMADA AUTOMATICA: 06/11/2018 10:06:00
855258;183;2018-03-16 13:39:29.510;R.JIMENEZ;LLAMADA AUTOMATICA: 16/03/2018 13:39:29
859266;183;2018-03-17 14:40:20.360;E.PERIS;LLAMADA AUTOMATICA: 17/03/2018 14:40:20
862924;183;2018-03-20 09:31:22.417;I.LOPEZ;LLAMADA AUTOMATICA: 20/03/2018 9:31:22
865648;183;2018-03-20 14:38:38.943;M.CLARAMUNT;LLAMADA AUTOMATICA: 20/03/2018 14:38:38
871888;183;2018-03-22 13:18:05.280;C.GARCIA;LLAMADA AUTOMATICA: 22/03/2018 13:18:05
876229;183;2018-03-23 13:43:08.623;M.ORTA;LLAMADA AUTOMATICA: 23/03/2018 13:43:08
879487;183;2018-03-24 12:22:49.173;C.GARCIA;LLAMADA AUTOMATICA: 24/03/2018 12:22:49
879490;183;2018-03-24 12:22:45.290;I.IBANEZ;LLAMADA AUTOMATICA: 24/03/2018 12:22:45
882038;183;2018-03-26 09:19:53.353;I.LOPEZ;LLAMADA AUTOMATICA: 26/03/2018 9:19:53
884466;183;2018-03-26 13:38:31.397;S.ROMANO;LLAMADA AUTOMATICA: 26/03/2018 13:38:31
886607;183;2018-03-26 20:57:48.933;C.HIDALGO;LLAMADA AUTOMATICA: 26/03/2018 20:57:48
888693;183;2018-03-27 12:46:49.277;M.ORTA;LLAMADA AUTOMATICA: 27/03/2018 12:46:49
890496;183;2018-03-27 17:04:18.583;C.HIDALGO;LLAMADA AUTOMATICA: 27/03/2018 17:04:18
892870;183;2018-03-28 12:12:46.630;A.PAZOS;LLAMADA AUTOMATICA: 28/03/2018 12:12:46
897712;183;2018-04-03 12:11:24.157;C.GARCIA;LLAMADA AUTOMATICA: 03/04/2018 12:11:24
902056;183;2018-04-04 11:31:35.323;M.ORTA;LLAMADA AUTOMATICA: 04/04/2018 11:31:35
906367;183;2018-04-05 16:11:17.560;E.MESA;LLAMADA AUTOMATICA: 05/04/2018 16:11:17
910614;183;2018-04-07 09:41:36.150;A.PAZOS;LLAMADA AUTOMATICA: 07/04/2018 9:41:36
914400;183;2018-04-09 11:52:02.160;A.PAZOS;LLAMADA AUTOMATICA: 09/04/2018 11:52:02
921638;183;2018-04-11 18:48:21.550;C.HIDALGO;LLAMADA AUTOMATICA: 11/04/2018 18:48:21
925034;183;2018-04-13 09:38:21.807;A.PAZOS;LLAMADA AUTOMATICA: 13/04/2018 9:38:21
928203;183;2018-04-14 14:27:08.717;A.PAZOS;LLAMADA AUTOMATICA: 14/04/2018 14:27:08
931209;183;2018-04-16 12:19:53.567;I.LOPEZ;LLAMADA AUTOMATICA: 16/04/2018 12:19:53
936837;183;2018-04-18 14:42:05.047;I.LOPEZ;LLAMADA AUTOMATICA: 18/04/2018 14:42:05
941304;183;2018-04-20 14:59:13.417;R.JIMENEZ;LLAMADA AUTOMATICA: 20/04/2018 14:59:13
945420;183;2018-04-21 20:31:34.657;M.RUIZ;LLAMADA AUTOMATICA: 21/04/2018 20:31:34
949005;183;2018-04-24 14:11:14.583;A.PAZOS;LLAMADA AUTOMATICA: 24/04/2018 14:11:14
951153;183;2018-04-25 15:04:55.067;M.RUIZ;LLAMADA AUTOMATICA: 25/04/2018 15:04:55
955117;183;2018-04-27 10:06:16.020;R.JIMENEZ;LLAMADA AUTOMATICA: 27/04/2018 10:06:16
958296;183;2018-04-28 12:45:53.293;R.JIMENEZ;LLAMADA AUTOMATICA: 28/04/2018 12:45:53
960985;183;2018-05-02 11:09:29.033;I.LOPEZ;LLAMADA AUTOMATICA: 02/05/2018 11:09:29
964033;183;2018-05-03 10:29:38.423;I.LOPEZ;LLAMADA AUTOMATICA: 03/05/2018 10:29:38
967136;183;2018-05-04 10:29:03.723;I.LOPEZ;LLAMADA AUTOMATICA: 04/05/2018 10:29:03
970049;183;2018-05-05 19:23:52.593;J.ACEVEDO;LLAMADA AUTOMATICA: 05/05/2018 19:23:52
972850;183;2018-05-08 13:29:41.420;R.JIMENEZ;LLAMADA AUTOMATICA: 08/05/2018 13:29:41
975723;183;2018-05-09 20:53:21.510;J.ACEVEDO;LLAMADA AUTOMATICA: 09/05/2018 20:53:21
978274;183;2018-05-11 15:31:42.660;J.ACEVEDO;LLAMADA AUTOMATICA: 11/05/2018 15:31:42
980771;183;2018-05-14 11:51:02.957;R.JIMENEZ;LLAMADA AUTOMATICA: 14/05/2018 11:51:02
983240;183;2018-05-15 15:52:38.460;M.CLARAMUNT;LLAMADA AUTOMATICA: 15/05/2018 15:52:38
986248;183;2018-05-17 09:37:06.897;A.PAZOS;LLAMADA AUTOMATICA: 17/05/2018 9:37:06
988754;183;2018-05-18 16:14:12.053;J.ACEVEDO;LLAMADA AUTOMATICA: 18/05/2018 16:14:12
991339;183;2018-05-22 09:55:13.657;R.JIMENEZ;LLAMADA AUTOMATICA: 22/05/2018 9:55:13
994175;183;2018-05-24 12:30:20.473;J.ACEVEDO;LLAMADA AUTOMATICA: 24/05/2018 12:30:20
999584;183;2018-05-29 20:51:56.373;M.CLARAMUNT;LLAMADA AUTOMATICA: 29/05/2018 20:51:56
1003257;183;2018-06-02 15:02:00.453;M.CLARAMUNT;LLAMADA AUTOMATICA: 02/06/2018 15:02:00
1006564;183;2018-06-06 12:39:10.820;R.JIMENEZ;LLAMADA AUTOMATICA: 06/06/2018 12:39:10
1011705;183;2018-06-11 19:18:50.587;E.JIMENEZ;LLAMADA AUTOMATICA: 11/06/2018 19:18:50
1015364;183;2018-06-15 15:28:08.963;E.JIMENEZ;LLAMADA AUTOMATICA: 15/06/2018 15:28:08
1018701;183;2018-06-19 12:37:09.740;R.JIMENEZ;LLAMADA AUTOMATICA: 19/06/2018 12:37:09
1022032;183;2018-06-21 18:58:53.917;M.CLARAMUNT;LLAMADA AUTOMATICA: 21/06/2018 18:58:53
1024894;183;2018-06-25 16:20:49.710;E.JIMENEZ;LLAMADA AUTOMATICA: 25/06/2018 16:20:49
1027751;183;2018-06-27 16:12:14.227;E.JIMENEZ;LLAMADA AUTOMATICA: 27/06/2018 16:12:14
1030452;183;2018-06-29 14:08:09.740;R.JIMENEZ;LLAMADA AUTOMATICA: 29/06/2018 14:08:09
1033295;183;2018-07-02 15:47:42.650;E.JIMENEZ;LLAMADA AUTOMATICA: 02/07/2018 15:47:42
1035940;183;2018-07-04 14:02:18.190;R.JIMENEZ;LLAMADA AUTOMATICA: 04/07/2018 14:02:18
1038557;183;2018-07-06 13:32:53.603;R.JIMENEZ;LLAMADA AUTOMATICA: 06/07/2018 13:32:53
1041222;183;2018-07-09 19:22:35.647;E.JIMENEZ;LLAMADA AUTOMATICA: 09/07/2018 19:22:35
1043791;183;2018-07-11 19:46:29.520;E.JIMENEZ;LLAMADA AUTOMATICA: 11/07/2018 19:46:29
1046064;183;2018-07-14 19:40:11.590;M.CLARAMUNT;LLAMADA AUTOMATICA: 14/07/2018 19:40:11
1048376;183;2018-07-19 13:36:37.177;R.JIMENEZ;LLAMADA AUTOMATICA: 19/07/2018 13:36:37
1050599;183;2018-07-23 11:53:46.213;R.JIMENEZ;LLAMADA AUTOMATICA: 23/07/2018 11:53:46
1055266;183;2018-07-31 09:42:54.643;R.JIMENEZ;LLAMADA AUTOMATICA: 31/07/2018 9:42:54
1058320;183;2018-08-03 13:26:48.320;R.JIMENEZ;LLAMADA AUTOMATICA: 03/08/2018 13:26:48
1061683;183;2018-08-29 10:38:30.717;R.JIMENEZ;LLAMADA AUTOMATICA: 29/08/2018 10:38:30
1064595;183;2018-09-03 13:34:46.337;R.JIMENEZ;LLAMADA AUTOMATICA: 03/09/2018 13:34:46
1074139;183;2018-09-22 14:00:02.730;R.JIMENEZ;LLAMADA AUTOMATICA: 22/09/2018 14:00:02
1081356;183;2018-10-04 18:52:08.330;M.CLARAMUNT;LLAMADA AUTOMATICA: 04/10/2018 18:52:08
1093857;183;2018-10-25 09:50:45.983;R.JIMENEZ;LLAMADA AUTOMATICA: 25/10/2018 9:50:45
1104437;183;2018-11-10 15:20:31.683;M.CLARAMUNT;LLAMADA AUTOMATICA: 10/11/2018 15:20:31
1112165;183;2018-11-20 12:28:26.847;E.JIMENEZ;LLAMADA AUTOMATICA: 20/11/2018 12:28:26
731053;184;2017-05-30 11:23:09.010;I.IGUAL;LLAMADA AUTOMATICA: 30/05/2017 11:23:09
731056;184;2017-05-30 11:24:10.400;I.IGUAL;NO VENDE
809950;184;2017-11-16 12:52:25.543;R.JIMENEZ;LLAMADA AUTOMATICA: 16/11/2017 12:52:25
809953;184;2017-11-16 12:54:54.840;R.JIMENEZ;NO VENDE
995207;184;2018-05-25 14:24:48.653;J.ACEVEDO;LLAMADA AUTOMATICA: 25/05/2018 14:24:48
995208;184;2018-05-25 14:26:34.000;J.ACEVEDO;LLAMAR AL 932138211 HIJO JOAQUIN
999981;184;2018-05-30 11:25:01.833;R.JIMENEZ;LLAMADA AUTOMATICA: 30/05/2018 11:25:01
999985;184;2018-05-30 11:25:49.670;R.JIMENEZ;LLAMADA AUTOMATICA: 30/05/2018 11:25:49
999988;184;2018-05-30 11:26:24.087;R.JIMENEZ;NO VENDE
1106450;184;2018-11-13 13:23:12.277;R.JIMENEZ;LLAMADA AUTOMATICA: 13/11/2018 13:23:12
1113041;184;2018-11-21 09:49:38.530;R.JIMENEZ;LLAMADA AUTOMATICA: 21/11/2018 9:49:38
